ledger,date,no_clustering,entropy,entropy_percentage,gini,hhi,nakamoto_coefficient,theil_index,max_power_ratio,tau_index
bitcoin,Jan-2018,False,2.9305741453328076,0.3747451508996816,0.9731685967630402,2167.534763496689,2,3.38921579301298,0.4102868447082097,4
bitcoin,Feb-2018,False,2.923515148498278,0.3738424865401502,0.9732801698207604,2180.102630106692,2,3.394108716766413,0.413366903181506,4
bitcoin,Mar-2018,False,3.0281902532561285,0.3872277434838765,0.9714010056747432,2041.8920555954865,2,3.3215534630286947,0.3989258861439312,4
bitcoin,Apr-2018,False,3.012228669716984,0.3851866669796356,0.9713742729349432,2097.807746058036,2,3.332617189656124,0.4067245119305857,4
bitcoin,May-2018,False,3.0563534837939934,0.3908290971962686,0.9703660831374372,2078.4640456943794,2,3.3020321991859114,0.407250370998516,4
bitcoin,Jun-2018,False,2.9525537048152746,0.3775557719338169,0.972597152751058,2161.029300567107,2,3.3739807233277577,0.4128260869565217,4
bitcoin,Jul-2018,False,3.293695458154383,0.4211790387386662,0.9652341532729648,1690.0192705077836,3,3.137519278829479,0.3430908308222126,4
bitcoin,Aug-2018,False,3.4502419384578578,0.4411973121126973,0.9619218445698576,1501.667034479327,3,3.029009527380543,0.3141786383510306,4
bitcoin,Sep-2018,False,3.464840323881986,0.4430640705966514,0.9617390311747142,1463.2769550687867,3,3.018890697683078,0.3041412084181941,5
bitcoin,Oct-2018,False,3.4871224629609165,0.4459133837883343,0.9611914871258036,1448.0073964672158,3,3.0034458958036723,0.3078328385476136,5
bitcoin,Nov-2018,False,3.54888324446933,0.4538110011964836,0.9595069858910156,1398.9236757940555,3,2.9606365842319367,0.3015503875968992,5
bitcoin,Dec-2018,False,3.5166633616959766,0.449690905872808,0.9610164348925412,1372.7070040816327,3,2.9829697051342614,0.2980571428571428,5
bitcoin,Jan-2019,False,3.575059502172842,0.4571582721258727,0.9595785459345816,1222.6298342541436,4,2.942492585007138,0.2625414364640884,6
bitcoin,Feb-2019,False,3.427551966257837,0.4382958475414808,0.963598820058997,1433.4137006427925,3,3.0447370176379684,0.2996363636363636,5
bitcoin,Mar-2019,False,3.5268458606055986,0.4509929859094108,0.9609238549061558,1335.7208066658616,3,2.9759117347240025,0.2863736263736264,5
bitcoin,Apr-2019,False,3.5130680113299526,0.4492311529204391,0.9612500357001512,1368.3370244322489,3,2.9854618121035954,0.293453204241586,5
bitcoin,May-2019,False,3.453182851563173,0.4415733793509855,0.9626794608161988,1451.181834974505,3,3.0269710417533218,0.309891972039822,5
bitcoin,Jun-2019,False,3.3024589176091848,0.422299660082106,0.965981392233774,1585.8164399522636,3,3.1314449116164305,0.3283912369993361,5
bitcoin,Jul-2019,False,2.8787602978697984,0.3681194908333285,0.9732824993970428,2398.7500494442465,2,3.4251304152959277,0.4494758909853249,4
bitcoin,Aug-2019,False,2.845947489397692,0.3639235755442016,0.9728570671551966,2537.522108416676,2,3.447874520974621,0.4659965782720274,3
bitcoin,Sep-2019,False,2.908621658889146,0.3719379918117416,0.9727954864392704,2374.1226003079146,2,3.4044320970976822,0.4470334412081985,4
bitcoin,Oct-2019,False,2.8809677280244217,0.3684017644443587,0.9735941253335212,2374.5437439071393,2,3.4236003413079663,0.4414235190097259,3
bitcoin,Nov-2019,False,2.9036277672523463,0.3712994013573797,0.9727989695663593,2296.684874118313,2,3.407893599005752,0.4267545925577014,3
bitcoin,Dec-2019,False,2.8440483981090625,0.3636807305533444,0.9736503127048732,2381.115773846875,2,3.449190870746961,0.437540734303715,3
bitcoin,Jan-2020,False,2.718738069697043,0.3476567585938436,0.97626386888382,2553.283947368996,2,3.536049371580794,0.4595735697698965,3
bitcoin,Feb-2020,False,2.686680708330375,0.3435574455831389,0.9763635434020308,2647.7174288218475,2,3.55826984122829,0.4713529128550794,3
bitcoin,Mar-2020,False,2.636265708381458,0.3371106621794318,0.9775703753002716,2732.613183356555,2,3.593214856300812,0.4787309048178613,3
bitcoin,Apr-2020,False,2.452649993382559,0.3136309290580571,0.9805586221907606,2987.5497178817536,1,3.720487571458796,0.503877686682916,2
bitcoin,May-2020,False,2.9908321265092095,0.3824505987501732,0.9731790008782004,1721.6613068877105,2,3.347448143254321,0.3144083969465648,4
bitcoin,Jun-2020,False,3.0431307126477174,0.3891382444408743,0.9720029881117508,1583.08196898132,3,3.311197525725143,0.281600351725654,4
bitcoin,Jul-2020,False,3.085646160287202,0.3945748780324864,0.9714197282073136,1551.6203323047746,3,3.281728063063591,0.2911309653519285,4
bitcoin,Aug-2020,False,3.1355710514200603,0.400958989108819,0.970275391339922,1466.8732867987928,3,3.2471227655350874,0.2784782127847821,4
bitcoin,Sep-2020,False,3.034940328007006,0.3880909046446785,0.972526528164874,1657.1307661032577,3,3.316874667746553,0.317810637828294,4
bitcoin,Oct-2020,False,3.16640280777137,0.4049015787221119,0.9699028676273876,1439.7797284864505,3,3.225751820548466,0.2732682694596525,5
bitcoin,Nov-2020,False,3.203767749862231,0.4096795949632288,0.969159311850798,1336.960212294153,3,3.1998524162864017,0.2138378862516793,5
bitcoin,Dec-2020,False,3.5315499552752976,0.4515945187761531,0.9608219854846868,1053.4468749711673,4,2.972651104766612,0.1871953921134249,6
bitcoin,Jan-2021,False,3.5609999352194173,0.4553604146828401,0.9601235310402764,1023.5618721118456,4,2.9522379342008005,0.1669902912621359,6
bitcoin,Feb-2021,False,3.5313857527334997,0.4515735214891873,0.9610120596911332,1042.2926278354478,4,2.9727649212954996,0.1629901960784313,6
bitcoin,Mar-2021,False,3.4420458548055426,0.4401492435593168,0.963241114331661,1104.3735147609232,4,3.0346906196557764,0.1643090315560391,5
bitcoin,Apr-2021,False,3.4882463972047577,0.4460571061058468,0.9621237634410938,1089.5889761424346,4,3.002666843951421,0.165725509452492,5
bitcoin,May-2021,False,3.5470503580764157,0.4535766221110786,0.9611073651607946,1073.4123709184855,4,2.9619070442674738,0.1639158941894641,5
bitcoin,Jun-2021,False,3.5042743875828943,0.4481066743388974,0.9620479546966688,1107.7069727653663,4,2.991557087610775,0.1769361221028829,5
bitcoin,Jul-2021,False,3.522608901371229,0.4504511876648012,0.9610151784792368,1040.5790624873564,4,2.9788485710714516,0.1491649508121711,6
bitcoin,Aug-2021,False,3.3409152446963053,0.4272172364281138,0.9654750334324738,1178.2656027428177,4,3.104789016921302,0.1771263418662262,5
bitcoin,Sep-2021,False,3.2624871820991257,0.417188301927495,0.9670907079646016,1232.666015625,4,3.159151207387315,0.1805803571428571,5
bitcoin,Oct-2021,False,3.5872447221632036,0.4587164487416413,0.9599067035114712,1057.4129319281262,4,2.934046434126318,0.1693720632208458,6
bitcoin,Nov-2021,False,3.535371543335275,0.4520832017178535,0.961392112025653,1080.857634897437,4,2.970002181777578,0.1606122915238748,5
bitcoin,Dec-2021,False,3.4064748302714043,0.43560062329051,0.9642275732769596,1140.9155379751887,4,3.059346575021243,0.1695727986050566,5
bitcoin,Jan-2022,False,3.298079591040756,0.4217396567126849,0.9659304381851094,1183.705767008176,4,3.134480429480088,0.1637690491521785,5
bitcoin,Feb-2022,False,3.234205080826934,0.4135717477018028,0.9670350202284858,1204.8732324604064,4,3.178754866144447,0.1762265072003905,5
bitcoin,Mar-2022,False,3.259922522046653,0.4168603477892586,0.9667313529964188,1207.1199651144825,4,3.1609288942717826,0.1924262439453985,5
bitcoin,Apr-2022,False,3.2531579496450567,0.4159953327513538,0.9671536794368972,1226.1026899094431,4,3.165617738559642,0.1971480307831598,5
bitcoin,May-2022,False,3.2282903200517006,0.4128154017404558,0.9679072526820588,1268.7149589588344,4,3.1828546658994874,0.2105027932960894,5
bitcoin,Jun-2022,False,3.186560336338181,0.4074792088075218,0.9690100767181278,1320.8833916063852,3,3.2117796864553245,0.226151698464402,5
bitcoin,Jul-2022,False,3.1260839876458757,0.3997458373612976,0.970253785168378,1359.3848446645427,3,3.253698697041957,0.2239115411195577,5
bitcoin,Aug-2022,False,3.143699024443254,0.4019983480624002,0.970205347059955,1387.4699004737713,3,3.241488883950394,0.2425220572412309,5
bitcoin,Sep-2022,False,3.0310637616643117,0.3875951913929324,0.9727804771435336,1522.5452905745708,3,3.319561698777246,0.2536016464669563,4
bitcoin,Oct-2022,False,3.0353700058894337,0.3881458494080263,0.972914905804362,1572.3414364895807,3,3.3165768377338005,0.2586970271979759,4
bitcoin,Nov-2022,False,3.010341039767283,0.3849452875996018,0.9733561026396312,1621.9017030241191,3,3.3339255950337003,0.2644667623146819,4
bitcoin,Dec-2022,False,2.960313189226103,0.3785480106598259,0.9741120863739274,1672.3445843653842,3,3.368602258585793,0.2642193519147972,4
bitcoin,Jan-2023,False,2.9105260067536323,0.3721815089836169,0.974990543744078,1837.5661672250408,2,3.4031121037446095,0.3199322894625476,3
bitcoin,Feb-2023,False,2.925079381481098,0.3740425117557288,0.974406928263708,1867.6205560486212,2,3.3930244730846337,0.3347588500831551,4
bitcoin,Mar-2023,False,2.935654343310711,0.3753947777179833,0.974451020709555,1855.218710960165,2,3.3856944681079084,0.3237056054771074,3
bitcoin,Apr-2023,False,2.90514702170469,0.3714936749743449,0.9748160364086692,1904.9589979383848,2,3.4068405320655573,0.3232768623810629,3
bitcoin,May-2023,False,2.9608802344323872,0.3786205211751234,0.9740135391322368,1817.808702965002,2,3.368209212799808,0.3085429314830876,3
bitcoin,Jun-2023,False,2.9279293782522,0.3744069531303826,0.974523410393357,1873.7623957979931,2,3.39104900585814,0.3215859030837004,3
bitcoin,Jul-2023,False,3.0181733765547625,0.3859468422731102,0.97284477589051,1728.1311156458305,2,3.3284966328722625,0.2903799155743168,4
bitcoin,Aug-2023,False,2.9653575904925775,0.3791930599983025,0.974065779044655,1799.5339915427096,2,3.3651057460703235,0.3001917282936182,3
bitcoin_cash,Jan-2018,False,2.8579670113219597,0.2411907591119066,0.998423317790978,1564.7579423112534,3,6.232389961003424,0.1959595959595959,4
bitcoin_cash,Feb-2018,False,2.8990838455151726,0.2446607083492675,0.998445569361354,1596.5365085908072,3,6.203889943308851,0.2216981132075471,4
bitcoin_cash,Mar-2018,False,2.858215175190084,0.2412117022618799,0.9984371872899424,1607.2277835091163,3,6.232217946917921,0.2033670033670033,4
bitcoin_cash,Apr-2018,False,2.9702625858222116,0.2506676546643487,0.9983685723935504,1596.9737638297438,3,6.1545526001492155,0.2274500803305026,4
bitcoin_cash,May-2018,False,3.1278709352306437,0.263968605055169,0.9981697869160427,1462.4739640720882,3,6.045306817124049,0.2031039136302294,4
bitcoin_cash,Jun-2018,False,3.1292633551457785,0.2640861147447503,0.998188534345882,1481.3482118302074,3,6.044341665185727,0.2144846796657381,4
bitcoin_cash,Jul-2018,False,2.920382413521276,0.2464581460961128,0.9984446219518274,1764.5041975943743,3,6.189126900945456,0.2842081650964558,4
bitcoin_cash,Aug-2018,False,3.652061378985832,0.3082063063819035,0.9973657804145608,1256.5781998214443,3,5.681965688958667,0.2635135135135135,5
bitcoin_cash,Sep-2018,False,4.022316749754856,0.3394530540130928,0.996671443897668,810.3452318728063,5,5.4253242226229625,0.1422283993514014,7
bitcoin_cash,Oct-2018,False,4.218182869586309,0.3559826703240243,0.9961512004859022,707.7322268680541,6,5.289560173894586,0.1334383438343834,8
bitcoin_cash,Nov-2018,False,3.4966795641894453,0.2950932586404633,0.9976336945637788,1318.9082157474963,3,5.789668155795085,0.2560716812072624,5
bitcoin_cash,Dec-2018,False,2.795226330768937,0.2358959210994896,0.9984790164285824,2054.0003191930773,2,6.275878486835144,0.335593220338983,3
bitcoin_cash,Jan-2019,False,2.9432263613227025,0.2483860021873524,0.9984115146906865,1863.3768794317068,2,6.173292682934038,0.2938399280575539,3
bitcoin_cash,Feb-2019,False,3.2947966056234623,0.2780558667337722,0.9979592990960966,1493.739284749816,3,5.929602759328183,0.2571428571428571,4
bitcoin_cash,Mar-2019,False,3.2433464690020144,0.2737138650735086,0.998038445021872,1512.0454696643146,3,5.965265276466774,0.2439570277529096,4
bitcoin_cash,Apr-2019,False,2.9407940712222023,0.2481807353338876,0.9984049554781262,1844.99989381809,2,6.174978617959497,0.3345622119815668,4
bitcoin_cash,May-2019,False,3.307657023456122,0.2791411885472387,0.997798884778003,1703.4933934600806,2,5.920688596966643,0.3369930539995519,4
bitcoin_cash,Jun-2019,False,3.1100279744512007,0.2624627943729081,0.99798067847532,1740.6273740638248,3,6.057674615081169,0.3366035972903527,4
bitcoin_cash,Jul-2019,False,3.152390794894073,0.2660378954081057,0.9979749923200693,1621.902023099185,3,6.028310945530648,0.3277216610549944,5
bitcoin_cash,Aug-2019,False,3.166710142366992,0.2672463398279673,0.9980025602448908,1558.9040054704644,3,6.01838553020229,0.2633698814052361,4
bitcoin_cash,Sep-2019,False,3.463115098237903,0.2922606720535756,0.997720506916052,1242.18410237562,3,5.812933270736389,0.2178034682080925,5
bitcoin_cash,Oct-2019,False,3.2242592886472026,0.272103051687334,0.998010621361819,1570.870116028876,3,5.9784955017145585,0.2753363228699551,4
bitcoin_cash,Nov-2019,False,3.258133678406622,0.2749617934951157,0.9979313983174596,1522.1100770843077,3,5.955015563959632,0.2623406720741599,4
bitcoin_cash,Dec-2019,False,3.4670900578039703,0.2925961285201411,0.9976433750823994,1252.5789302816354,3,5.8101780387203235,0.2175675675675675,5
bitcoin_cash,Jan-2020,False,3.217606564091846,0.2715416121468102,0.997831077180202,1882.742257024272,2,5.983106818983136,0.3582354245178453,3
bitcoin_cash,Feb-2020,False,3.205517800189542,0.2705214120777504,0.9979251906928918,1665.6654693663652,2,5.991486111598493,0.2703355056722182,4
bitcoin_cash,Mar-2020,False,2.8656721296409433,0.24184101271142,0.99820842860534,2207.654807729307,2,6.227049179964747,0.3782931772123395,3
bitcoin_cash,Apr-2020,False,3.1440782401563996,0.2653363787777891,0.9976573066107308,1887.7987558562984,2,6.03407276941028,0.352165725047081,3
bitcoin_cash,May-2020,False,3.1963663531239246,0.2697490992917788,0.9969831200554158,2107.1859478373026,2,5.99782941133008,0.4013452914798206,3
bitcoin_cash,Jun-2020,False,2.984167307665428,0.2518411078229469,0.9976648840348094,2198.2810865862357,2,6.14491458140711,0.4028710349617967,3
bitcoin_cash,Jul-2020,False,2.9464962951860887,0.2486619598270422,0.9980070098065252,2012.2827417855835,2,6.171026137495996,0.3608920928136968,3
bitcoin_cash,Aug-2020,False,2.8299186960743867,0.2388236938450325,0.998184845800125,2228.170283328709,2,6.251831571636715,0.3893488476169165,3
bitcoin_cash,Sep-2020,False,2.978334910924076,0.2513488977337766,0.9982979271275912,2014.3647224844235,2,6.148957290764303,0.3415990730011587,3
bitcoin_cash,Oct-2020,False,3.1674849145025123,0.2673117247252613,0.9980984356534408,1699.7264527880347,2,6.017848499081006,0.2760652765185857,4
bitcoin_cash,Nov-2020,False,2.905507682654793,0.2452028315263295,0.9982956556921054,2018.7084262087,2,6.1994372787071415,0.3365953573054164,3
bitcoin_cash,Dec-2020,False,3.367063857594818,0.2841546751849728,0.9977344822998818,1453.935563866226,3,5.879510917377416,0.2608896058999769,4
bitcoin_cash,Jan-2021,False,3.5734543865222,0.3015724718734228,0.9975300141976748,1180.0122928702992,4,5.7364519041571285,0.2176039119804401,5
bitcoin_cash,Feb-2021,False,3.484643798846629,0.2940775312482203,0.9976681525911872,1266.1766442226092,3,5.798010712608319,0.2050188205771643,5
bitcoin_cash,Mar-2021,False,3.4976966070033892,0.2951790893471764,0.9974735395794988,1180.7360237711298,4,5.788963195436101,0.175553547220967,5
bitcoin_cash,Apr-2021,False,3.2613518829969026,0.2752333855761412,0.997765307275426,1411.9751194642763,3,5.952784874521372,0.2148002619515389,4
bitcoin_cash,May-2021,False,3.0625486227810015,0.2584558968733532,0.9980987682406248,1674.9141848287334,3,6.090584793826165,0.2958027981345769,4
bitcoin_cash,Jun-2021,False,3.0626280109102177,0.2584625966298844,0.9980124302681186,2186.2167911171596,2,6.090529766168264,0.4206615532118888,4
bitcoin_cash,Jul-2021,False,3.16918923970393,0.267455556857499,0.9979552183857872,1860.956226275764,2,6.016667150872879,0.3619532515621383,4
bitcoin_cash,Aug-2021,False,2.7057201817379744,0.2283422803666052,0.9984235385210996,2733.850501147207,2,6.337919421678774,0.4672527472527472,2
bitcoin_cash,Sep-2021,False,2.255966007891821,0.1903864361689754,0.9987555120534872,3576.5459779738458,1,6.649665259225282,0.5478301446570228,2
bitcoin_cash,Oct-2021,False,2.83961668761153,0.2396421308428838,0.9983058196683662,2240.202751444344,2,6.245109436145649,0.3459887005649718,3
bitcoin_cash,Nov-2021,False,3.402651414673562,0.287157995332741,0.9977183839983838,1308.6754787880177,3,5.854843502525304,0.2220443631374342,5
bitcoin_cash,Dec-2021,False,3.441011122705424,0.2903952640145921,0.997593563776496,1359.1717226176747,3,5.828254579055869,0.2438533750558784,4
bitcoin_cash,Jan-2022,False,3.3628602299462447,0.283799920865008,0.9976156564564964,1475.6592315652388,3,5.882424650030177,0.2860713474210407,4
bitcoin_cash,Feb-2022,False,3.2143501260269676,0.2712667934502481,0.9979625004481304,1577.012258019752,3,5.98536400984648,0.2988731014208721,4
bitcoin_cash,Mar-2022,False,3.007897418279318,0.2538437493405361,0.9981216667148878,1946.1555783867936,2,6.128466122140726,0.3314056939501779,3
bitcoin_cash,Apr-2022,False,3.107032234267061,0.2622099766020058,0.9981239733069286,1755.2660900534795,2,6.059751103943494,0.3299113392440504,4
bitcoin_cash,May-2022,False,2.948813207912413,0.2488574897044146,0.9982188877507392,2019.0785159264583,2,6.169420175972153,0.3602724177071509,3
bitcoin_cash,Jun-2022,False,2.915307025421261,0.2460298217999328,0.998275036089988,2179.7850722104963,2,6.192644891897215,0.3929667217370781,3
bitcoin_cash,Jul-2022,False,2.948276966298282,0.2488122349756276,0.9982363439993592,2096.215004386396,2,6.169791870335074,0.3820849077572794,3
bitcoin_cash,Aug-2022,False,3.097873521512173,0.2614370506469167,0.9980563231145246,1993.569563622386,2,6.066099439867104,0.3737734165923282,3
bitcoin_cash,Sep-2022,False,2.9985853704557233,0.253057883067566,0.9977754158275528,2601.0037033919593,2,6.134920741834863,0.4738532110091743,3
bitcoin_cash,Oct-2022,False,3.4892602365835472,0.2944671236115153,0.9974633300402124,1489.851095376764,3,5.794810841806743,0.3154960981047937,5
bitcoin_cash,Nov-2022,False,3.219712048756199,0.2717192990978779,0.9975649372756862,2041.450243033759,2,5.981647408224321,0.3994974874371859,4
bitcoin_cash,Dec-2022,False,3.003074622647409,0.2534367419346096,0.9977507451498386,2451.299063225794,2,6.1318090293354075,0.4474699341955979,3
bitcoin_cash,Jan-2023,False,3.653045815274704,0.3082893853449811,0.996973923517013,1405.7046913580214,3,5.681283329720622,0.2937777777777778,5
bitcoin_cash,Feb-2023,False,3.346573710927469,0.2824254620731928,0.9975819246129438,1701.1506290604923,3,5.893713604769161,0.3434268833087149,4
bitcoin_cash,Mar-2023,False,3.3336739451512076,0.2813368195914508,0.9975702607642796,1640.3730517699107,3,5.902655041046858,0.3122430333485609,4
bitcoin_cash,Apr-2023,False,3.3424377122396285,0.2820764151250461,0.9974592472986288,1747.1011882841588,2,5.8965804605984085,0.3389082462253194,4
bitcoin_cash,May-2023,False,3.6491863480366793,0.3079636755557431,0.997207099303136,1153.4249441964307,3,5.683958508555103,0.2051339285714285,5
bitcoin_cash,Jun-2023,False,3.645110630989845,0.3076197159213047,0.9973539147657234,1119.070128189127,4,5.6867835803348985,0.1867546848381601,5
bitcoin_cash,Jul-2023,False,3.2537789470585783,0.274594287167925,0.9979461073180544,1543.765245439512,3,5.958034033715632,0.2529984159312061,4
bitcoin_cash,Aug-2023,False,3.6328024295192054,0.3065809969842962,0.9974349162807032,1067.5319522241036,4,5.695314975482014,0.1622860635696821,5
cardano,Jan-2018,True,0.0,0.0,0.9996588195155236,10000.0,1,7.983098940710892,1.0,1
cardano,Feb-2018,True,0.0,0.0,0.9996588195155236,10000.0,1,7.983098940710892,1.0,1
cardano,Mar-2018,True,0.0,0.0,0.9996588195155236,10000.0,1,7.983098940710892,1.0,1
cardano,Apr-2018,True,0.0,0.0,0.9996588195155236,10000.0,1,7.983098940710892,1.0,1
cardano,May-2018,True,0.0,0.0,0.9996588195155236,10000.0,1,7.983098940710892,1.0,1
cardano,Jun-2018,True,0.0,0.0,0.9996588195155236,10000.0,1,7.983098940710892,1.0,1
cardano,Jul-2018,True,0.0,0.0,0.9996588195155236,10000.0,1,7.983098940710892,1.0,1
cardano,Aug-2018,True,0.0,0.0,0.9996588195155236,10000.0,1,7.983098940710893,1.0,1
cardano,Sep-2018,True,0.0,0.0,0.9996588195155236,10000.0,1,7.983098940710892,1.0,1
cardano,Oct-2018,True,0.0,0.0,0.9996588195155236,10000.0,1,7.983098940710892,1.0,1
cardano,Nov-2018,True,0.0,0.0,0.9996588195155236,10000.0,1,7.983098940710892,1.0,1
cardano,Dec-2018,True,0.0,0.0,0.9996588195155236,10000.0,1,7.983098940710892,1.0,1
cardano,Jan-2019,True,0.0,0.0,0.9996588195155236,10000.0,1,7.983098940710892,1.0,1
cardano,Feb-2019,True,0.0,0.0,0.9996588195155236,10000.0,1,7.983098940710892,1.0,1
cardano,Mar-2019,True,0.0,0.0,0.9996588195155236,10000.0,1,7.983098940710891,1.0,1
cardano,Apr-2019,True,0.0,0.0,0.9996588195155236,10000.0,1,7.983098940710892,1.0,1
cardano,May-2019,True,0.0,0.0,0.9996588195155236,10000.0,1,7.983098940710892,1.0,1
cardano,Jun-2019,True,0.0,0.0,0.9996588195155236,10000.0,1,7.983098940710892,1.0,1
cardano,Jul-2019,True,0.0,0.0,0.9996588195155236,10000.0,1,7.983098940710892,1.0,1
cardano,Aug-2019,True,0.0,0.0,0.9996588195155236,10000.0,1,7.983098940710892,1.0,1
cardano,Sep-2019,True,0.0,0.0,0.9996588195155236,10000.0,1,7.983098940710892,1.0,1
cardano,Oct-2019,True,0.0,0.0,0.9996588195155236,10000.0,1,7.983098940710892,1.0,1
cardano,Nov-2019,True,0.0,0.0,0.9996588195155236,10000.0,1,7.983098940710892,1.0,1
cardano,Dec-2019,True,0.0,0.0,0.9996588195155236,10000.0,1,7.983098940710892,1.0,1
cardano,Jan-2020,True,0.0,0.0,0.9996588195155236,10000.0,1,7.983098940710892,1.0,1
cardano,Feb-2020,True,0.0,0.0,0.9996588195155236,10000.0,1,7.983098940710892,1.0,1
cardano,Mar-2020,True,0.0,0.0,0.9996588195155236,10000.0,1,7.983098940710892,1.0,1
cardano,Apr-2020,True,0.0,0.0,0.9996588195155236,10000.0,1,7.983098940710892,1.0,1
cardano,May-2020,True,0.0,0.0,0.9996588195155236,10000.0,1,7.983098940710892,1.0,1
cardano,Jun-2020,True,0.0,0.0,0.9996588195155236,10000.0,1,7.983098940710892,1.0,1
cardano,Jul-2020,True,0.0,0.0,0.9996588195155236,10000.0,1,7.983098940710892,1.0,1
cardano,Aug-2020,True,1.1502203946558152,0.099869991528285,0.9953573903180368,8213.321028734468,1,7.1858269171326725,0.9062353968995712,1
cardano,Sep-2020,True,3.0184888189472345,0.2620858177938057,0.9861588701265424,5093.643516846386,1,5.890841926305916,0.7132373625567202,1
cardano,Oct-2020,True,4.03261111731283,0.3501388429505396,0.979456309610616,3585.4146885667487,1,5.187905914450775,0.5977908891328211,10
cardano,Nov-2020,True,5.485146111945842,0.4762578530833279,0.9652072260569796,1859.536756701617,10,4.181085378256225,0.428966849050531,48
cardano,Dec-2020,True,6.904728999681333,0.599515736207775,0.931199347042803,893.6144702202862,46,3.197105502051272,0.2959568630439753,110
cardano,Jan-2021,True,7.432373931747512,0.645329473418686,0.9105153735242798,640.1520553471549,68,2.83136990505288,0.249730560750626,164
cardano,Feb-2021,True,8.242673091444397,0.7156851814119525,0.889070977201846,239.7621731747078,110,2.2697133270988563,0.1483572216097023,202
cardano,Mar-2021,True,8.872274161654262,0.7703514469730615,0.8676935871320075,55.42590831886358,141,1.833307120405372,0.0568198644203099,237
cardano,Apr-2021,True,9.108416627658006,0.7908549489008978,0.8575748477965596,25.40985420232709,158,1.6696256358844124,0.0094615846875759,251
cardano,May-2021,True,9.156085841940886,0.7949939157012699,0.8529768065761277,24.94321226762802,162,1.636583854404679,0.0093583203438666,256
cardano,Jun-2021,True,9.145948220328432,0.7941136981453504,0.8538782987047728,25.040843242222554,161,1.6436107182430606,0.0096403506516877,256
cardano,Jul-2021,True,9.210168914308586,0.7996897774720064,0.8473859231905352,24.281976196007545,167,1.5990963252770614,0.01034888725726,265
cardano,Aug-2021,True,9.22035544954754,0.8005742420430954,0.8465490099643977,23.75646032993881,170,1.592035557096488,0.0090416451035327,266
cardano,Sep-2021,True,9.24719413275274,0.8029045598472199,0.8440653545637109,23.32349664067146,171,1.573432399502869,0.0095411856194293,267
cardano,Oct-2021,True,9.286932173794208,0.8063548880109364,0.839903863864731,22.690105364532037,176,1.545888088394013,0.0094796466410354,273
cardano,Nov-2021,True,9.29053844342778,0.806668008974038,0.8396556805923304,21.93048833199278,180,1.5433884127651132,0.0083581590557668,277
cardano,Dec-2021,True,9.28055477215156,0.8058011584379059,0.8410057133298972,21.8019023443066,180,1.550308566361933,0.0080256166484884,274
cardano,Jan-2022,True,9.255859125988117,0.8036569137482901,0.8436794380262099,22.57974387707719,175,1.567426283872165,0.0091048287271425,268
cardano,Feb-2022,True,9.132775964666331,0.7929699929324238,0.8544057768886328,26.34611904024738,162,1.6527410301167964,0.0115693012600229,251
cardano,Mar-2022,True,9.299856803077349,0.8074770926101686,0.8377420778651219,22.799118796375826,178,1.536929418046579,0.0090023757068159,278
cardano,Apr-2022,True,9.299529724234606,0.807448693390849,0.836469326931179,23.31324835235477,183,1.537156131824239,0.0133987899824626,282
cardano,May-2022,True,9.316304462816024,0.8089051907784793,0.8350969256854902,22.122774474363485,187,1.5255287690719816,0.0113141913456977,287
cardano,Jun-2022,True,9.320290265900724,0.8092512654283046,0.8343164781759002,22.608215738009815,185,1.5227660209014993,0.012676108238242,289
cardano,Jul-2022,True,9.319424872122973,0.8091761260292345,0.8351090259912821,22.376735937112656,184,1.5233658661585976,0.0115543721173505,283
cardano,Aug-2022,True,9.30071231279336,0.807551373807483,0.8372563700199304,22.39075177700389,183,1.5363364238990227,0.0109266429745929,282
cardano,Sep-2022,True,9.313988367202754,0.8087040915366726,0.835282512229768,22.28272793152167,187,1.5271341642161873,0.0104468949506674,285
cardano,Oct-2022,True,9.319606452981049,0.8091918921196654,0.8347707478406341,22.05402722189726,188,1.5232400038988256,0.0105926680727031,286
cardano,Nov-2022,True,9.301933036017145,0.8076573653362231,0.8356218699048297,23.447198230965903,186,1.5354902830381931,0.0146384960245708,283
cardano,Dec-2022,True,9.277117478529364,0.8055027091263445,0.8376982629086316,24.49581375312097,181,1.5526911167448576,0.0146727130273748,281
cardano,Jan-2023,True,9.287032117261202,0.8063635657854293,0.8372295967746415,23.93179848862179,182,1.545818812861655,0.0142716125732906,281
cardano,Feb-2023,True,9.297440713905914,0.8072673112446114,0.8373172902943826,22.90344019359002,181,1.5386041234437513,0.0097338483939815,280
cardano,Mar-2023,True,9.310213752875962,0.8083763537373858,0.8355151612127256,23.071127668688195,180,1.5297505274944851,0.010028610686478,282
cardano,Apr-2023,True,9.268752098146477,0.8047763696597069,0.8407488020518045,23.740540135082,173,1.5584895565715964,0.008857132224331,271
cardano,May-2023,True,9.217302931406312,0.8003092015670955,0.845954611611921,25.131175555349035,164,1.594151401439694,0.010073890495204,262
cardano,Jun-2023,True,9.247517263904978,0.8029326163010844,0.84296271348314,24.16027461361596,170,1.5732084220557678,0.010097298568447,268
dogecoin,Jan-2018,False,5.842791225492291,0.306250992766447,0.9988985385136748,1162.7057939031918,3,9.174252710170718,0.2644785404238527,7
dogecoin,Feb-2018,False,5.565400051239074,0.2917114825869539,0.9990936774333032,1383.1428987043137,3,9.366525620516711,0.3068357562635323,6
dogecoin,Mar-2018,False,5.153251713940704,0.270108650551135,0.9993082066715404,1568.3318954166898,2,9.65220507848796,0.3400261486738887,5
dogecoin,Apr-2018,False,5.32848556894649,0.2792935657724198,0.9994067379540352,1274.0108381942364,3,9.530742225952404,0.2776262101933895,6
dogecoin,May-2018,False,5.842055583600739,0.3062124339593779,0.9991466169021636,1111.2404798598711,3,9.174762618273586,0.2275444906347797,7
dogecoin,Jun-2018,False,5.430655567457748,0.2846488253166085,0.9996998048604336,1015.0267869979826,3,9.45992337954628,0.2350698549815409,10
dogecoin,Jul-2018,False,6.18106778156704,0.3239818215996778,0.9993322715337334,889.0140654312597,4,8.939777269078604,0.2180212179277468,14
dogecoin,Aug-2018,False,6.105520785166983,0.320022011680902,0.999393291144285,886.3924670522474,4,8.992142456633148,0.2152622247107129,14
dogecoin,Sep-2018,False,6.087161026117544,0.3190596814830829,0.999442248203438,879.2132996707069,4,9.004868471854431,0.2102243968280749,13
dogecoin,Oct-2018,False,5.64295387662514,0.2957764808216491,0.9996084875568364,876.9087887688548,4,9.312769405109233,0.2164726779787781,9
dogecoin,Nov-2018,False,5.36392549574279,0.2811511561510702,0.9996224189326692,982.7309803814238,4,9.5061771406138,0.2111046847888953,7
dogecoin,Dec-2018,False,5.262731926349498,0.2758470763213712,0.9996213635267044,1015.0610095655068,4,9.576319177929411,0.2091306277890703,7
dogecoin,Jan-2019,False,5.723922927058311,0.3000204887147132,0.9995707100351764,800.7719685449684,4,9.25664593608871,0.189872237247039,9
dogecoin,Feb-2019,False,5.175946429393388,0.2712981982980428,0.9997208590914952,967.6244563942256,4,9.63647430045863,0.2158427604731649,7
dogecoin,Mar-2019,False,5.259431627566493,0.2756740905445884,0.9997204666730704,927.198964003203,4,9.57860677072572,0.1989713993158176,8
dogecoin,Apr-2019,False,5.128417855692897,0.2688069792353041,0.99979696174504,843.4239752864104,4,9.669418597314763,0.2105808129454825,8
dogecoin,May-2019,False,5.280982654729391,0.2768036916562931,0.9997771000129256,728.4372183127679,5,9.563668737009792,0.1800452035323997,9
dogecoin,Jun-2019,False,4.8659248049499135,0.2550483569806541,0.9998177158854462,981.9406968642876,4,9.851364915354,0.2161347132759161,7
dogecoin,Jul-2019,False,4.822922067789971,0.2527943604850327,0.9998090729914244,1011.9413737212682,4,9.881172141372936,0.2251261210762331,7
dogecoin,Aug-2019,False,4.8522294455988675,0.2543305121637365,0.9997736442199252,963.2953626172026,4,9.860857815074466,0.1858993813470293,7
dogecoin,Sep-2019,False,4.75153627518228,0.2490526608398117,0.9997833518796524,1110.2777148711557,3,9.930653002250756,0.2439512242143821,6
dogecoin,Oct-2019,False,4.818287599580794,0.2525514439687258,0.9997415809304272,1129.147885567885,3,9.884384509945182,0.261171032357473,6
dogecoin,Nov-2019,False,4.136133780410613,0.216796224198283,0.9998876104023512,1269.9324087768782,3,10.357217506411232,0.2663151274732717,5
dogecoin,Dec-2019,False,4.2739288891689595,0.2240187805462636,0.9998950910024736,1076.2951753213738,4,10.261705215281214,0.2069763095182468,5
dogecoin,Jan-2020,False,4.23116981769215,0.221777555832909,0.9998611192255294,1129.2594093107973,3,10.291343545117911,0.2081018355721218,5
dogecoin,Feb-2020,False,4.236828715381114,0.2220741680116307,0.999807369320048,1176.287009252918,3,10.287421096141102,0.1946184296236909,4
dogecoin,Mar-2020,False,4.554549161177038,0.2387275444873581,0.9995610328562106,1081.0801541133335,4,10.067194064931323,0.1688018617333866,5
dogecoin,Apr-2020,False,5.611027739530066,0.2941030663861126,0.9972125080870128,1098.7213085875842,4,9.33489891702125,0.1976255796450508,5
dogecoin,May-2020,False,6.3658135027729275,0.3336653030634348,0.995442193382184,986.7359360302362,4,8.81172129330789,0.2069216330361332,5
dogecoin,Jun-2020,False,5.802810021271045,0.3041553704838414,0.9972710608760552,1012.9492824556172,4,9.20196556914786,0.2039326932402289,6
dogecoin,Jul-2020,False,5.542771201228546,0.290525387189492,0.9976502668547712,1098.989019544633,3,9.38221074410103,0.2139602611677392,5
dogecoin,Aug-2020,False,5.687057338401733,0.298088172003526,0.9976043958473424,1020.9376354932136,4,9.2821992149192,0.2069200733875899,6
dogecoin,Sep-2020,False,5.5539632721392955,0.291112021675519,0.9979625408144142,1046.1139111136706,4,9.374452991710452,0.203351141330743,5
dogecoin,Oct-2020,False,5.68688707104718,0.2980792474083531,0.9976268230667904,967.819630628402,4,9.28231723525758,0.1976922171199811,6
dogecoin,Nov-2020,False,6.57186400048547,0.3444654783647814,0.995350071465622,689.1344232087649,5,8.668897971757358,0.1227523025193704,7
dogecoin,Dec-2020,False,6.302735674002305,0.3303590668935933,0.995255484065998,879.5526162473037,4,8.855443512477198,0.1466998988925204,6
dogecoin,Jan-2021,False,6.13967390353731,0.3218121537556946,0.9950489144118904,1070.3933937560314,4,8.968469318930712,0.2054130052724077,5
dogecoin,Feb-2021,False,6.414286592391736,0.3362060291043462,0.9953069093196985,849.8286578732749,4,8.778122307906806,0.1841334588432172,7
dogecoin,Mar-2021,False,6.88472558719016,0.3608641768342315,0.9930415332936608,805.5537048351937,4,8.452038845034066,0.1434012253684385,6
dogecoin,Apr-2021,False,6.885826541913509,0.3609218835815727,0.9935144784768084,786.4735912343327,4,8.451275721373142,0.1397128952581252,7
dogecoin,May-2021,False,6.559521293066209,0.3438185330513698,0.993938419952549,906.8650247681684,4,8.677453284606647,0.1622024513747574,6
dogecoin,Jun-2021,False,6.488215986632739,0.3400810521039951,0.9942829028542012,928.3875338954588,4,8.726878356727566,0.1692935513036678,6
dogecoin,Jul-2021,False,6.556851938779389,0.3436786183481339,0.9934472349876996,1055.0244673606192,3,8.679303540004359,0.1932468884577161,5
dogecoin,Aug-2021,False,6.06869231621491,0.3180916406059557,0.9945372066444632,1219.776763652971,3,9.017670006051196,0.1986278762731045,4
dogecoin,Sep-2021,False,6.06458180838898,0.3178761875709451,0.9947261925006488,1244.3479649998606,3,9.020519192967877,0.2145684683804124,4
dogecoin,Oct-2021,False,6.21657342875789,0.3258428567250766,0.9939899460012258,1255.3268181458748,3,8.91516662983085,0.2318947644353358,4
dogecoin,Nov-2021,False,6.534389817364893,0.3425012620611565,0.9931175758018674,1235.87727925699,3,8.694873096141027,0.2450099677586079,5
dogecoin,Dec-2021,False,6.8194546579596,0.3574429888943932,0.992076300797427,1188.014229380507,3,8.49728120560309,0.2585685363820412,6
dogecoin,Jan-2022,False,6.9641172888744975,0.3650255076981796,0.9917287636628788,1081.0906335510167,3,8.397008710842366,0.2341616830668795,6
dogecoin,Feb-2022,False,7.108725071293225,0.3726051516078006,0.991831982832936,1057.3034880228884,3,8.29677423417002,0.2351000369529641,204
dogecoin,Mar-2022,False,7.157801002051312,0.3751774756795605,0.9911221124799954,1037.9177926744094,3,8.262757391144657,0.2302453943752837,109
dogecoin,Apr-2022,False,7.197858976463762,0.377277121886069,0.9913128644028184,958.808928468788,3,8.234991319116839,0.2050387309129606,198
dogecoin,May-2022,False,7.109179473409658,0.3726289691795573,0.99149326134401,953.9732354721624,4,8.29645926663484,0.2022933588150979,7
dogecoin,Jun-2022,False,6.9247488859666175,0.3629620055108065,0.992715445899488,938.005032393957,4,8.42429680833931,0.1924218440838939,6
dogecoin,Jul-2022,False,7.540987054032689,0.3952622441240576,0.9903177005203432,810.763300763651,4,7.997153059579316,0.1816008415415511,748
dogecoin,Aug-2022,False,7.584289475987343,0.3975319486541364,0.989892835100998,816.3070096776996,4,7.967138107888436,0.1854082998661312,1073
dogecoin,Sep-2022,False,7.560414918959673,0.3962805592908331,0.9903534846419092,799.04264964143,4,7.9836866897814,0.179462500925446,929
dogecoin,Oct-2022,False,7.57649909201409,0.3971236142239361,0.9899447768382268,811.6450741306663,4,7.972537990582222,0.1640160950373634,1046
dogecoin,Nov-2022,False,7.648681550933796,0.4009070712826163,0.9898943142779804,790.7645180246578,4,7.922504922684241,0.1537112943849079,1279
dogecoin,Dec-2022,False,7.579582613783418,0.3972852375930809,0.9898148468280392,818.2546171580746,4,7.970400656156454,0.1613758509494804,1126
dogecoin,Jan-2023,False,7.483356882822616,0.3922415479421745,0.990479777721292,812.3308097165512,4,8.03709925026663,0.1521713123579375,627
dogecoin,Feb-2023,False,8.117902544140813,0.4255013772317219,0.9891004289375154,706.1943311692049,5,7.59726571418705,0.1584982430183096,2240
dogecoin,Mar-2023,False,8.202273036296509,0.4299236723276242,0.9875760417758288,702.1523939400834,5,7.538784545436774,0.1575910738127026,2721
dogecoin,Apr-2023,False,8.275242050534484,0.4337483568301388,0.9875876284015672,670.8785532282368,5,7.488206278945904,0.1544172051497065,2903
dogecoin,May-2023,False,8.40269086933991,0.4404286104588802,0.9867652279854264,696.3832923313656,5,7.399865489516358,0.1703274523306342,3244
dogecoin,Jun-2023,False,6.692910641290248,0.3508101606385149,0.9991507283864388,706.4701030497137,5,8.584994833971676,0.1849518161601186,206
dogecoin,Jul-2023,False,8.095398592186147,0.4243218283891729,0.9896149733717946,674.516152335133,5,7.612864265042763,0.1698023964683624,1848
dogecoin,Aug-2023,False,7.84133312881979,0.4110049397000587,0.9910867632020324,807.1152261582755,4,7.788969024652945,0.2045482596889657,1624
ethereum,Jan-2018,False,3.064446557914972,0.224348282934746,0.9994969134444792,1698.2826234545023,2,7.343811505008528,0.2623651386170164,4
ethereum,Feb-2018,False,3.161816579013979,0.231476746959175,0.9994620674448736,1579.901716406373,3,7.276319749412703,0.2577623820932632,4
ethereum,Mar-2018,False,3.1742545626426946,0.2323873323511981,0.9994519792570576,1602.6797310585132,3,7.267698396128609,0.2777862470735558,4
ethereum,Apr-2018,False,3.250079214407126,0.2379384588290081,0.9994002468326738,1564.1049912933104,3,7.215140752541147,0.2714550342241398,4
ethereum,May-2018,False,3.3082533464793764,0.2421973898937118,0.9993692783010631,1542.9300026832266,3,7.174817516913751,0.2720029982793965,4
ethereum,Jun-2018,False,3.2996453883152275,0.2415672008539607,0.999364884317982,1562.6389209841584,3,7.18078409884563,0.2706374691350869,4
ethereum,Jul-2018,False,3.3172186102060643,0.242853737291236,0.9993464287808688,1593.2827034727627,3,7.168603269638588,0.2836265000821963,4
ethereum,Aug-2018,False,3.481917322483413,0.2549113381019114,0.9992560492257374,1528.8075617721588,3,7.054442821581707,0.2909077031278111,4
ethereum,Sep-2018,False,3.632515568236572,0.2659366430661768,0.999186629156398,1388.99544728946,3,6.950056072140638,0.2690381149308358,4
ethereum,Oct-2018,False,3.353885379161341,0.2455381132463769,0.9993288508414812,1594.6646439012209,3,7.1431878021170165,0.265069425823988,4
ethereum,Nov-2018,False,3.3813780881477897,0.2475508558208571,0.9993133674077608,1578.0239239750504,3,7.124131308397116,0.2670423459897144,4
ethereum,Dec-2018,False,3.4166665175958437,0.2501343234730133,0.9993027242883038,1567.6038380668886,3,7.099671233018818,0.2821551691582281,4
ethereum,Jan-2019,False,3.383854357955617,0.247732143655045,0.9993034593275164,1621.8975511712863,2,7.122414888961523,0.2767457408579171,4
ethereum,Feb-2019,False,3.4324959682833716,0.2512931983348949,0.9992944519638918,1570.599202191716,3,7.088699093904924,0.2907322626941302,4
ethereum,Mar-2019,False,3.3209963770585764,0.2431303077879542,0.9993535039891336,1637.309997344813,2,7.165984721195966,0.2746261284192805,4
ethereum,Apr-2019,False,3.366261518857371,0.2464441710410523,0.999334631938325,1588.3761876265517,3,7.134609315780513,0.2597654120347053,4
ethereum,May-2019,False,3.3400585916327103,0.2445258534526665,0.9993487681505344,1626.7895894088283,2,7.1527718009086785,0.2549918166939443,4
ethereum,Jun-2019,False,3.337323651159148,0.2443256283263422,0.999349910698737,1634.2352289597163,2,7.154667517186965,0.263248691808952,4
ethereum,Jul-2019,False,3.4007321324323723,0.2489677663529968,0.9993161481549278,1583.9028797663605,2,7.1107161071688285,0.2519990563149097,4
ethereum,Aug-2019,False,3.418498787925344,0.2502684640737798,0.9993192988817255,1556.6633742015852,3,7.09840120000588,0.2599493823138797,4
ethereum,Sep-2019,False,3.408551506895965,0.2495402231413196,0.9993210629648904,1599.3568698885676,2,7.105296129805637,0.2868824300972288,4
ethereum,Oct-2019,False,3.4165816044324178,0.2501281069761506,0.999302609955218,1633.7374702500583,2,7.099730090338629,0.2940753948038716,4
ethereum,Nov-2019,False,3.419276935628752,0.2503254323053446,0.9992868435984796,1688.9887721816883,2,7.097861829119224,0.3059614861224512,4
ethereum,Dec-2019,False,3.3567546235192856,0.2457481707666697,0.9993274466759116,1736.5310144272792,2,7.141198993479976,0.3136312562593126,4
ethereum,Jan-2020,False,3.3462397330463527,0.2449783751189836,0.9993383015774968,1762.8692967765762,2,7.148487360165156,0.3263777715520691,4
ethereum,Feb-2020,False,3.344374958684537,0.2448418548964157,0.9993454072693,1745.1656373468363,2,7.149779923256444,0.3199779471792534,4
ethereum,Mar-2020,False,3.3831818235848563,0.2476829073807478,0.999301862085236,1767.13174002741,2,7.122881054264446,0.3249340172302176,4
ethereum,Apr-2020,False,3.3892016136728533,0.2481236165085939,0.9993172695179252,1739.471945505907,2,7.118708453737371,0.3245696175178275,4
ethereum,May-2020,False,3.387287063093764,0.2479834521667159,0.9993261443707327,1722.6410592774132,2,7.1200355190733156,0.3245245987002193,4
ethereum,Jun-2020,False,3.520633959255555,0.2577457849805505,0.9992730106918842,1554.1359411584938,2,7.0276064939623515,0.2990123150673609,4
ethereum,Jul-2020,False,3.557519002403948,0.2604461408000843,0.9992449513915548,1520.8674581497996,2,7.00203973029922,0.2957280069526649,4
ethereum,Aug-2020,False,3.6171121546782814,0.2648089584034404,0.9992273861310328,1431.320859450558,3,6.960732904819576,0.2724285146942017,5
ethereum,Sep-2020,False,3.597014947425775,0.263337640873938,0.9992371196842448,1433.8634257477806,3,6.974663227363772,0.2647359052880497,5
ethereum,Oct-2020,False,3.524903064863687,0.2580583264116868,0.9992765856551672,1499.325400384054,3,7.0246473754465475,0.2789248692415262,4
ethereum,Nov-2020,False,3.5803888098279546,0.2621204405242456,0.9992400367350952,1473.25809798836,3,6.986187587763305,0.2753552004829805,4
ethereum,Dec-2020,False,3.701491043756268,0.2709863410148923,0.9991757384654656,1360.7922442767017,3,6.90224591575639,0.2572553023806809,5
ethereum,Jan-2021,False,3.6701169493775754,0.2686894420253138,0.9992202510865548,1327.4675393363166,3,6.923992780817609,0.2507527733755943,5
ethereum,Feb-2021,False,3.7489668015184736,0.2744620435711881,0.9991745710596912,1274.226634454543,3,6.86933822811856,0.2474769394740167,5
ethereum,Mar-2021,False,3.810369690138523,0.2789573520612518,0.9991404011879418,1219.0796878891842,3,6.826776988993321,0.2384827483419032,6
ethereum,Apr-2021,False,3.879785766039439,0.2840393063855048,0.999095860999752,1169.082430689598,3,6.778661431697072,0.23512583461736,6
ethereum,May-2021,False,3.791067049724363,0.277544204808989,0.9991578047581692,1221.1145816363576,3,6.840156559773775,0.241828694688277,6
ethereum,Jun-2021,False,3.7014330019262207,0.2709820917696654,0.9992157097871172,1259.226106706212,3,6.90228614728724,0.2274871954058668,6
ethereum,Jul-2021,False,3.6827582885554806,0.2696149150870755,0.999228685253891,1281.0392263908195,3,6.915230472207937,0.249975989607291,5
ethereum,Aug-2021,False,3.764151684813989,0.2755737296226594,0.99918940385372,1179.9466788639793,3,6.858812869075144,0.2187398481660477,6
ethereum,Sep-2021,False,3.788454368005464,0.2773529302520952,0.9991842196291874,1117.2485950283196,3,6.841967532740946,0.2146202423798041,6
ethereum,Oct-2021,False,3.7786238430905743,0.2766332370405081,0.9991201461985368,1344.6938355548768,3,6.848781533369118,0.2567136406615799,6
ethereum,Nov-2021,False,3.618176403673826,0.2648868721246469,0.999198561386632,1499.4502652988615,2,6.959995223628898,0.2691064698823083,5
ethereum,Dec-2021,False,3.7780070555816265,0.2765880819967007,0.9991232979602588,1370.2394811967524,3,6.849209057891956,0.2984585440628482,6
ethereum,Jan-2022,False,3.734430964092107,0.273397874199658,0.999161777604038,1393.468458853048,3,6.879413702847725,0.3068122336050251,5
ethereum,Feb-2022,False,3.543740919620513,0.2594374466831604,0.999291617595646,1466.0081195328148,3,7.011589969534062,0.3111415595752439,5
ethereum,Mar-2022,False,3.5794237016945583,0.2620497849104237,0.9992820926701772,1385.4015277844871,3,6.9868565497449024,0.2944423535315518,5
ethereum,Apr-2022,False,3.628541414477673,0.2656456950744017,0.9992623321504316,1318.09239278644,3,6.952810745613735,0.2791655358149439,5
ethereum,May-2022,False,3.6383033253633505,0.266360365049542,0.9992557424418737,1313.184268575678,3,6.9460443046064535,0.2784762259967779,5
ethereum,Jun-2022,False,3.6792118933520537,0.2693552833201446,0.9992295074301482,1293.6449667401316,3,6.91768864604434,0.2790631248214796,5
ethereum,Jul-2022,False,3.6210543883243576,0.2650975695221889,0.9992595047311112,1341.4835345350075,3,6.9580003566826845,0.2847461015593762,5
ethereum,Aug-2022,False,3.579076166442028,0.2620243418375259,0.999283880866124,1368.3003202261723,3,6.9870974428253385,0.2873130526916337,5
ethereum,Sep-2022,False,5.073405276313794,0.3714242493259567,0.9935558522913858,656.5842539450387,5,5.9513074334895,0.12730964060867,9
ethereum,Oct-2022,False,4.1904390293234455,0.3067822470401012,0.9920962049011244,1600.6749526044691,3,6.563332998119987,0.3359442954683732,4
ethereum,Nov-2022,False,3.702487153407651,0.2710592662513679,0.9938191280209624,1782.020465637618,3,6.901555465160219,0.2479674418171489,3
ethereum,Dec-2022,False,3.618787951587029,0.2649316435773926,0.9943025818976582,1891.4105664120896,2,6.959571330917256,0.3124177764962424,3
ethereum,Jan-2023,False,3.452944649730607,0.2527902473074468,0.9956185640201868,2037.3857111719665,2,7.074525148014072,0.3410055030667663,3
ethereum,Feb-2023,False,3.3216763315170392,0.2431800872872364,0.9961434627938656,2019.2852483023908,2,7.165513412680267,0.3224487549043158,3
ethereum,Mar-2023,False,3.257955087371425,0.238515051875341,0.9965816268813356,1996.3560398823167,2,7.209681613401237,0.335290730101437,3
ethereum,Apr-2023,False,3.3006548631482153,0.2416411045560376,0.9946748420557476,2259.6173530412752,2,7.180084384211592,0.4048392887511574,3
ethereum,May-2023,False,3.128092129853088,0.2290077783806158,0.9950608472020628,2200.5347479468887,2,7.299695756264267,0.3640256569945313,3
ethereum,Jun-2023,False,3.2758475714443507,0.2398249615126392,0.9953791478748738,2144.5368824779507,2,7.197279488513848,0.3847704976458892,3
ethereum,Jul-2023,False,3.2699940032955643,0.2393964215011223,0.9961199786876372,2007.2501413335,2,7.201336872772174,0.3580462059350727,3
ethereum,Aug-2023,False,3.259491671540292,0.2386275452777727,0.9964445148333266,2082.507010040971,2,7.2086165344175805,0.3704442542773429,3
litecoin,Jan-2018,False,3.0250281144722373,0.2701292994942296,0.9973641940131036,1598.9306762995325,3,5.66538089847721,0.2499861365274774,4
litecoin,Feb-2018,False,2.997517684812794,0.2676726700641962,0.9973291136792848,1638.0430925203204,3,5.684449675231617,0.2388367161466222,4
litecoin,Mar-2018,False,2.990659266120114,0.2670602262233512,0.9973108185394652,1708.4018424873989,3,5.689203568811559,0.2713005701873472,4
litecoin,Apr-2018,False,3.113762924634631,0.2780531505140747,0.9971332022770922,1504.6817509066254,3,5.603874614995613,0.2286641669931165,4
litecoin,May-2018,False,3.140616210573612,0.2804510982505309,0.9970590912289756,1445.742716517008,3,5.585261335558247,0.1984564498346196,4
litecoin,Jun-2018,False,3.041123000684626,0.2715665424465154,0.9972136931769012,1544.056348737149,3,5.654224773477638,0.2040092969203951,4
litecoin,Jul-2018,False,3.047318233249405,0.272119765018207,0.9972305254628936,1521.474525593769,3,5.649930565492464,0.2079548660084626,4
litecoin,Aug-2018,False,3.1243349691842677,0.2789972141327738,0.9970687751385676,1466.0609356355728,3,5.596546632123277,0.1952243207985934,4
litecoin,Sep-2018,False,3.1057604009267226,0.2773385402553927,0.9971110636825952,1447.9825820816473,3,5.609421541741132,0.1896690879741727,4
litecoin,Oct-2018,False,3.1285003758169316,0.279369177080955,0.9970780559220982,1414.575499402525,3,5.5936593922599585,0.1837369850611136,4
litecoin,Nov-2018,False,3.2431772046153777,0.2896096013875398,0.9968272554064532,1309.637510065138,4,5.514171471702785,0.1795196717354574,5
litecoin,Dec-2018,False,3.3148806789986462,0.2960125862767675,0.9967062039330368,1301.613371389676,3,5.464470410597661,0.1924824684431977,5
litecoin,Jan-2019,False,3.4817816476165686,0.3109165276722125,0.9963615731785944,1190.9701371339215,4,5.348783474767434,0.1945454545454545,5
litecoin,Feb-2019,False,3.3591871901380683,0.2999690740726548,0.9966083509246952,1194.9129975863248,4,5.433759477320913,0.1910091854735689,5
litecoin,Mar-2019,False,3.3440513246915597,0.2986174698641704,0.996663401410267,1243.9556696311606,4,5.444250859780503,0.1832363972386802,5
litecoin,Apr-2019,False,3.3081319027381433,0.2954099332981154,0.9968270688633544,1308.6339299970516,3,5.469148305834852,0.2013781223083548,5
litecoin,May-2019,False,3.21358149650706,0.2869667605289415,0.9969943686529537,1329.0047080667491,3,5.534685653334724,0.1871539313399778,5
litecoin,Jun-2019,False,3.190192462742514,0.2848781639712973,0.997046757837714,1347.498840207853,3,5.550897696144639,0.2016444570456478,5
litecoin,Jul-2019,False,3.2021750719881674,0.2859481883542628,0.997042939521567,1357.4138427031637,3,5.542591984330262,0.2140470090230589,5
litecoin,Aug-2019,False,3.0605576368730625,0.2733020187663524,0.9972699708760006,1456.0856262812042,3,5.640753710198439,0.2322380366660809,4
litecoin,Sep-2019,False,3.040303736790543,0.2714933837275102,0.9972813611455844,1450.264691157025,3,5.654792643935972,0.2377532550942955,4
litecoin,Oct-2019,False,3.042404217454484,0.2716809526851794,0.9973069357542528,1474.0906084672142,3,5.653336701685943,0.2520904487103992,4
litecoin,Nov-2019,False,2.999674601312918,0.2678652786354881,0.9974400379355072,1625.8366538860837,3,5.682954614640873,0.2660151361659019,4
litecoin,Dec-2019,False,2.9877920656770844,0.2668041906369446,0.9974526772528514,1596.057395086391,3,5.691190960714757,0.2408433190142437,4
litecoin,Jan-2020,False,3.05225955455314,0.27256101568162,0.9973191869046658,1518.278845967732,3,5.6465055025625475,0.2352219495873299,4
litecoin,Feb-2020,False,3.034500298837967,0.2709751476749963,0.9973506563419808,1569.0887212714283,3,5.658815280590356,0.2451095232517277,4
litecoin,Mar-2020,False,3.0441316878388527,0.2718352125291108,0.997312653936533,1541.94447621327,3,5.6521393104595195,0.2449286250939143,4
litecoin,Apr-2020,False,2.97002722648492,0.265217824036367,0.9974326714777534,1600.4443153777938,3,5.703504608913915,0.240081498669987,4
litecoin,May-2020,False,3.069768174249332,0.2741245023649391,0.9973045039318578,1486.2699766642047,3,5.634369452184632,0.2169724522379174,4
litecoin,Jun-2020,False,3.0675789811967946,0.2739290115584536,0.9972517494977298,1419.177845511591,3,5.6358868851767,0.2090095293098469,4
litecoin,Jul-2020,False,3.056632516415393,0.2729515129199478,0.9972518310856672,1413.8306135914638,3,5.643474396377024,0.2216366158113731,4
litecoin,Aug-2020,False,3.32040991982926,0.296506337043963,0.9944935574256616,1322.9406573387237,3,5.460637832905236,0.2108651456968601,5
litecoin,Sep-2020,False,3.075902006160635,0.2746722419741971,0.9971910623498028,1369.2753192537416,3,5.630117803889281,0.2044016192485318,5
litecoin,Oct-2020,False,3.154190497645603,0.2816632564583664,0.9970662879435156,1313.1981027660047,3,5.575852356746186,0.196204414301862,5
litecoin,Nov-2020,False,3.2144766879936633,0.2870466994386106,0.996969996595066,1286.1153464232343,3,5.5340651538797285,0.1983028646278261,5
litecoin,Dec-2020,False,3.4211721998899107,0.305504218418356,0.9963638699670152,1057.1935148394443,4,5.39079474257445,0.1391084760649978,6
litecoin,Jan-2021,False,3.3815437788192546,0.3019654752335687,0.9965324435776636,1125.6938623742672,4,5.4182630709096165,0.1769188293760353,5
litecoin,Feb-2021,False,3.319700743116878,0.2964430089024436,0.9966648870093828,1173.3889124647962,4,5.461129396743988,0.1802484472049689,5
litecoin,Mar-2021,False,3.346098358867758,0.2988002661513889,0.9965162581242752,1129.3963788316214,4,5.442831963812764,0.1444963158782833,5
litecoin,Apr-2021,False,3.2242987950927837,0.2879237950588296,0.9966810267522171,1192.0137267708697,4,5.527256988036817,0.1421526463673375,5
litecoin,May-2021,False,3.230617114269883,0.2884880090326189,0.9967800379089364,1203.4211524979116,4,5.522877462913329,0.1605972122748058,5
litecoin,Jun-2021,False,3.193126669405671,0.2851401830866563,0.9969625402278768,1277.8004657785232,4,5.548863859068897,0.1772080486428884,5
litecoin,Jul-2021,False,3.028299609024081,0.2704214377812626,0.9973241599592636,1502.3477313310946,3,5.663113271252376,0.2027196083763938,4
litecoin,Aug-2021,False,2.7885034338283994,0.249008092061563,0.9976254329267076,1677.4216326335609,3,5.829327313998324,0.2055564742847693,4
litecoin,Sep-2021,False,2.7028775478623164,0.241361862102928,0.9977701712458265,1755.2754351720532,3,5.888678655438661,0.2252294110814264,4
litecoin,Oct-2021,False,2.7373509283752075,0.2444402698984106,0.9977723872196624,1766.2954856597855,3,5.864783528931782,0.2390449282588222,4
litecoin,Nov-2021,False,2.7956545076326735,0.2496466694513527,0.9977440125285534,1782.888415559833,3,5.824370567352915,0.2550398499765588,3
litecoin,Dec-2021,False,2.7908271572712846,0.2492155961779188,0.9977885270823916,1831.6596564189751,2,5.827716631645487,0.2709457227788175,3
litecoin,Jan-2022,False,2.75252868443613,0.2457956148596744,0.9978267620584892,1825.968667459164,2,5.854263110110926,0.2598368388922804,3
litecoin,Feb-2022,False,2.7117166523240677,0.2421511774434983,0.9978990038186732,1903.0319357554715,2,5.882551855102322,0.2786773373038029,3
litecoin,Mar-2022,False,2.759510664410787,0.2464190924897214,0.9978261622978536,1864.923099636032,2,5.849423570376765,0.2766343825665859,3
litecoin,Apr-2022,False,2.8392805700117063,0.2535423944575964,0.9976999730676004,1765.9537143244463,3,5.794131285215954,0.2773354716764992,4
litecoin,May-2022,False,2.884537241162307,0.2575837297486191,0.9976023702821551,1697.1342383068672,3,5.762761751206384,0.2627094735654234,4
litecoin,Jun-2022,False,2.9618577553477237,0.2644883056874395,0.9974620123824568,1592.4981465200274,3,5.709167254799316,0.2434081886591219,4
litecoin,Jul-2022,False,2.921318389923116,0.2608682168916696,0.9975534582916824,1701.7545100438504,3,5.737267001645081,0.2901967341024355,4
litecoin,Aug-2022,False,2.8426832441746352,0.2538462468362377,0.9976457866154332,1780.1653451926102,3,5.791772731213555,0.3019849035504612,4
litecoin,Sep-2022,False,2.7870050610079753,0.2488742901975651,0.9977228779446594,1812.0797781717656,3,5.830365906894225,0.309837379752634,4
litecoin,Oct-2022,False,2.777046522513451,0.2479850115113135,0.997744934242543,1813.9824418765656,3,5.837268639774203,0.306861817574712,4
litecoin,Nov-2022,False,2.7938836117597834,0.2494885317932819,0.9977099581066232,1790.9102457894394,3,5.825598058834275,0.305153346254703,4
litecoin,Dec-2022,False,2.78787681846032,0.2489521364922174,0.9977239720876752,1799.368090602656,3,5.829761650674001,0.304721744437663,4
litecoin,Jan-2023,False,2.9071115493589534,0.2595995728512181,0.9975566703696104,1704.1413953850506,3,5.747114433126797,0.2927059084358718,4
litecoin,Feb-2023,False,2.7948241711617583,0.2495725219721409,0.997767053637186,1993.703476452029,2,5.82494611273665,0.3529339174430801,3
litecoin,Mar-2023,False,2.835403678501632,0.2531961953651578,0.9976987854734266,1943.742029903474,2,5.796818541635502,0.3481065918653576,4
litecoin,Apr-2023,False,2.795865321716151,0.249665494750999,0.997762910194076,1994.5627167390944,2,5.824224442165331,0.3593542040391181,3
litecoin,May-2023,False,2.748615331283032,0.2454461598113519,0.9978517773632978,2092.357395152193,2,5.856975639815531,0.3657719993303945,3
litecoin,Jun-2023,False,2.912780703986446,0.2601058176563234,0.9975814605777388,1920.9256255975165,2,5.743184874580588,0.3489859414611662,4
litecoin,Jul-2023,False,2.9267865366451047,0.261356512070308,0.9975648912925572,1902.66090151048,2,5.733476771161839,0.3455095523558742,4
litecoin,Aug-2023,False,3.3090579967648783,0.2954926317462756,0.9890239970322512,1844.272516367262,2,5.468506386371285,0.3429713040319651,3
tezos,Jun-2018,False,0.0476249421290313,0.0047035059129055,0.999095271252836,9894.739788919682,1,6.985390704708132,0.9947089947089948,1
tezos,Jul-2018,False,0.7669742453955711,0.0757474494875097,0.9980566608833024,8184.027652203532,1,6.486775763311165,0.9032250437414292,1
tezos,Aug-2018,False,3.424978147728491,0.3382556334823009,0.9836170367406432,2798.931505438765,1,4.644387852491766,0.5089140228122304,3
tezos,Sep-2018,False,4.194053568170532,0.4142105979569858,0.9749125704324944,1919.458113234792,2,4.1113053931744306,0.4150533008269993,6
tezos,Oct-2018,False,4.484363783747323,0.4428820409971226,0.970504990142082,1655.556983952081,3,3.910077685759634,0.3840497867926702,8
tezos,Nov-2018,False,4.699462358948376,0.4641254772111689,0.9670858655674046,1493.1574212132532,3,3.760982714816534,0.3647858942065491,10
tezos,Dec-2018,False,4.748396041955658,0.468958236204165,0.9667577588618947,1451.9204076707188,3,3.727064470405644,0.3591288340624925,12
tezos,Jan-2019,False,4.927492889251445,0.4866460914031529,0.9627299535027456,1330.3393844385996,4,3.602923995655384,0.3431181146283642,14
tezos,Feb-2019,False,5.067769619590228,0.5005000175413504,0.9605512035476288,1204.338317561951,5,3.505691575522893,0.3251106732516185,15
tezos,Mar-2019,False,5.09393217003977,0.5030838676256764,0.960172466481534,1190.9913182715388,5,3.4875570774425473,0.3237320264459753,16
tezos,Apr-2019,False,5.182667582450617,0.5118475010979806,0.9597601249710292,1075.3445259299326,6,3.426050376514122,0.3057601420243264,17
tezos,May-2019,False,5.217364312072578,0.5152741986568612,0.958911965248623,1055.8745879322776,6,3.4020004362020093,0.3024717121127805,17
tezos,Jun-2019,False,5.276596660729846,0.5211240682774883,0.9587071759936316,1005.9947107396756,6,3.3609437007322787,0.2958396789711606,18
tezos,Jul-2019,False,5.317443972379467,0.5251582059222073,0.9575956730564428,1010.4734990512468,8,3.3326305018288913,0.300182652678906,19
tezos,Aug-2019,False,5.377435180551905,0.5310830215702123,0.955442750603988,986.696207237275,8,3.29104776502578,0.2957778956349298,20
tezos,Sep-2019,False,5.388705005722832,0.5321960452708029,0.9546472533995694,995.794855718334,8,3.2832361174831757,0.297634050647961,20
tezos,Oct-2019,False,5.365731015720267,0.52992710187708,0.955083681673573,1007.2547295373896,8,3.299160473879652,0.2989054361045458,20
tezos,Nov-2019,False,5.2501296146389755,0.5185101457776294,0.957674496694108,1099.2742538059565,7,3.379289259107909,0.3141080617495712,18
tezos,Dec-2019,False,5.370664480024321,0.5304143377137632,0.955056544448199,1006.9057168326716,8,3.295740857006882,0.2990211628223138,20
tezos,Jan-2020,False,5.416452464861727,0.5349364231546081,0.9555426335778984,915.5316580265198,8,3.264003044413331,0.2809463551317395,20
tezos,Feb-2020,False,5.379926523314231,0.5313290700668577,0.9562967142373364,924.2327795704228,7,3.2893208978142847,0.280230558717396,19
tezos,Mar-2020,False,5.239983232885204,0.5175080749206368,0.96033124276319,930.9100640231488,6,3.3863221950134443,0.2734002566923359,15
tezos,Apr-2020,False,5.216058705860221,0.5151452551607597,0.9612610844090566,919.531290638034,6,3.402905413467047,0.2672020484171322,15
tezos,May-2020,False,5.114603143101284,0.5051253618443344,0.9628854025687072,966.5233222457628,5,3.4732290507455112,0.2713286398704424,13
tezos,Jun-2020,False,5.149506666307529,0.5085724826269071,0.9624064705010024,944.9510022733432,5,3.4490357720434917,0.2683761081508714,14
tezos,Jul-2020,False,5.149021540582601,0.5085245709316127,0.9629370170417564,938.5390234535016,5,3.4493720355719564,0.2678547320102605,14
tezos,Aug-2020,False,5.120261189073709,0.50568415838029,0.9633673732607012,937.1287586581072,5,3.4693071921322405,0.2646779661016949,13
tezos,Sep-2020,False,5.020759766194578,0.495857258652275,0.9657528057329828,980.19379161522,4,3.5382763228626386,0.2701824134705332,12
tezos,Oct-2020,False,4.997547334777898,0.4935647664509098,0.9665956093845668,980.0607235758276,4,3.5543659542530266,0.2665990305489798,12
tezos,Nov-2020,False,4.948997424702561,0.4887699094095785,0.9674647168784498,1011.4013934884556,4,3.5880181875381982,0.2719652500586992,11
tezos,Dec-2020,False,4.966147072410112,0.4904636326098749,0.9664407727001392,1009.4627803046008,4,3.5761309575821034,0.2703635994312411,11
tezos,Jan-2021,False,5.032234842776796,0.4969905532693954,0.96339531860506,1052.2869566452475,4,3.5303224058829485,0.2806571301892516,13
tezos,Feb-2021,False,5.001291555365599,0.4939345509143903,0.9654375863582956,1025.5460474611543,4,3.551770658309273,0.2768015844802194,12
tezos,Mar-2021,False,4.972247191440389,0.4910660888994931,0.9665714015595442,1003.9227364690856,4,3.571902677275177,0.271434376269809,11
tezos,Apr-2021,False,4.848381742494033,0.4788329638713212,0.9694223648795391,1036.567993100451,4,3.65775966398115,0.2736339373507515,10
tezos,May-2021,False,4.835216096644355,0.4775327062682062,0.9695368290116922,1027.2111101618232,4,3.666885394282105,0.268562185314287,9
tezos,Jun-2021,False,5.485253865616126,0.5417313457476423,0.9618124491742344,533.8567504835867,7,3.2163135474618403,0.1407863102814312,17
tezos,Jul-2021,False,5.503545860721397,0.5435378887751042,0.961239137013244,538.1058090909829,7,3.2036345026278137,0.1418210375571672,18
tezos,Aug-2021,False,5.20365792395137,0.5139205365905007,0.9668671643197572,643.6025409179672,5,3.411500980483884,0.1531323644933228,12
tezos,Sep-2021,False,5.381148455379457,0.5314497497871268,0.9643626444240266,568.6847664726098,6,3.2884739190484247,0.1386795622540078,16
tezos,Oct-2021,False,5.379543180756176,0.5312912106195203,0.9639148924309492,573.6747865455967,6,3.2895866106275897,0.1431969882439892,15
tezos,Nov-2021,False,5.34080386856472,0.5274652619504229,0.9653170259474254,570.8268463785219,6,3.316438655649914,0.1358522351242404,14
tezos,Dec-2021,False,5.26296513686373,0.5197777999096973,0.967445468467694,583.0817194007617,6,3.3703923530668067,0.1374691117180387,13
tezos,Jan-2022,False,5.309025873226632,0.5243268226727851,0.9668058177453368,562.6018192708364,6,3.3384654835223455,0.1351207056638811,14
tezos,Feb-2022,False,5.383037056236877,0.5316362706499957,0.9660604970117764,515.4618526674205,7,3.287164840688903,0.1264612924107993,14
tezos,Mar-2022,False,5.3006012826553395,0.5234947983217941,0.9670832636750724,562.3350946483237,6,3.344304964724232,0.1369441290428308,14
tezos,Apr-2022,False,5.301289065728122,0.5235627247402844,0.9674798966700642,559.7215976462916,7,3.3438282298264856,0.1412477709769145,14
tezos,May-2022,False,5.2979893296061915,0.523236838184486,0.9674882947985598,556.9263387758508,7,3.3461154326159925,0.1377286690202191,13
tezos,Jun-2022,False,5.334361817291446,0.5268290359541163,0.966714298656132,545.7374709575922,7,3.320903945327023,0.1361051666157138,14
tezos,Jul-2022,False,5.337579479395157,0.5271468167650523,0.9670466035728869,535.8581231525568,7,3.3186736319118237,0.1357740561082982,14
tezos,Aug-2022,False,5.393853759243791,0.5327045433717416,0.9653849660556488,526.8676855598184,7,3.2796672734967,0.1328534995749504,15
tezos,Sep-2022,False,5.351117446174098,0.5284838453040256,0.9661889850440556,538.3012034840789,7,3.3092898284084824,0.1327653782064822,14
tezos,Oct-2022,False,5.339500626347067,0.5273365519257457,0.9666211106734606,533.3782928700601,7,3.3173419943186797,0.1304891152013454,14
tezos,Nov-2022,False,5.334834833922674,0.5268757517383761,0.966210859971122,544.6117405937326,7,3.3205760751827076,0.1319421024942332,14
tezos,Dec-2022,False,5.275969262864447,0.5210621055865594,0.9668377817520352,604.4870161055157,7,3.361378579793771,0.1501410236788595,14
zcash,Jan-2018,False,1.895270445320722,0.2182738255857702,0.9926102906717664,4207.493663574328,1,4.704891848923584,0.6201284072989413,2
zcash,Feb-2018,False,2.107265173015748,0.2426887582051498,0.9915084991511226,3728.7406779398393,1,4.557948301128204,0.5800386028267231,2
zcash,Mar-2018,False,2.3063696739330037,0.2656191538190595,0.9902607845830992,3378.707025870617,1,4.419939577680613,0.5480108193395695,2
zcash,Apr-2018,False,2.3249814754431433,0.2677626310872727,0.9900369012047674,3397.2638632935755,1,4.407038859938719,0.5517221317198046,2
zcash,May-2018,False,2.2695128290280846,0.2613744379494694,0.9903738434942764,3506.9189897444007,1,4.445486795810791,0.5620951844550831,2
zcash,Jun-2018,False,3.2977702839517127,0.379796423016243,0.9803932046514132,1871.7527456698097,3,3.7327530400407345,0.3869037243623264,4
zcash,Jul-2018,False,3.5082242965405195,0.4040339151119219,0.9788510435608846,1308.8024919852874,3,3.586877434577277,0.2622987729370708,6
zcash,Aug-2018,False,3.6807678324224,0.4239053470492571,0.9763833135138332,1068.735298091016,4,3.46727936915691,0.1914941494149415,6
zcash,Sep-2018,False,3.428733928202909,0.3948791969358907,0.9791213235512318,1322.8145775475202,3,3.6419759592721497,0.2006040190498315,4
zcash,Oct-2018,False,3.279373427044243,0.3776777004107904,0.981419865590051,1447.660763109642,3,3.7455047695373183,0.2288736356475751,4
zcash,Nov-2018,False,3.0945298668895704,0.3563897036979907,0.984236122899338,1582.2452677122772,3,3.8736285621031863,0.2472093023255814,4
zcash,Dec-2018,False,3.113784901470657,0.3586072606013744,0.9841046241031292,1600.3921229096172,3,3.860281989171723,0.2666404096100827,4
zcash,Jan-2019,False,3.1184406303336423,0.3591434499100416,0.9838788446854488,1647.141882442591,3,3.857054883836892,0.2742107928647797,4
zcash,Feb-2019,False,3.0378155444256127,0.3498580489886185,0.9846101408014202,1724.693597582339,3,3.9129399348164497,0.3151367856920297,4
zcash,Mar-2019,False,2.9052664190676274,0.334592678950603,0.9859485354638068,1950.2737782081683,2,4.00481598734402,0.3538712581589016,4
zcash,Apr-2019,False,2.8777333487072174,0.3314217601972786,0.9862025975288669,2003.8402687297496,2,4.023900457436496,0.3567404309693907,3
zcash,May-2019,False,2.956061064839447,0.3404425784619168,0.9855358476313846,1895.0081333955156,2,3.9696078218397415,0.3309498339057485,3
zcash,Jun-2019,False,2.9896375272626496,0.3443095004206503,0.985479983140838,1721.8963433124757,3,3.946334391577923,0.2842356224922951,4
zcash,Jul-2019,False,3.073279020566278,0.3539422938650708,0.984652311271236,1618.5291026470838,3,3.8883585263166887,0.2784717533198289,4
zcash,Aug-2019,False,3.1079156466978475,0.3579313123768022,0.9841961335430408,1598.7758914946571,3,3.864350246569482,0.2768218623481781,4
zcash,Sep-2019,False,3.1083508519250382,0.3579814339360174,0.9841450918962216,1584.643997325798,3,3.86404858529329,0.2686202686202686,4
zcash,Oct-2019,False,2.9454018507889224,0.3392149819285092,0.9858448484938142,1780.8082080710592,3,3.976996226005848,0.3074931036424027,3
zcash,Nov-2019,False,2.9065756438323858,0.3347434592778439,0.9862503897822946,1831.4989399501587,3,4.003908501889609,0.3181633246149375,3
zcash,Dec-2019,False,2.8713473427277023,0.3306862989554259,0.9865644394854564,1876.556246494963,2,4.0283268994762365,0.3322288642186166,3
zcash,Jan-2020,False,2.8751721459172135,0.3311267925147216,0.986552304865523,1821.3459755910335,2,4.025675747929229,0.3246230873087308,4
zcash,Feb-2020,False,3.2757713942331828,0.3772628627903881,0.982096544286132,1284.091696633755,3,3.748001508424584,0.2073156058236072,5
zcash,Mar-2020,False,3.122236984128699,0.3595806670197001,0.9839716395938516,1480.670789513065,3,3.85442345190744,0.261758748734106,4
zcash,Apr-2020,False,3.2496207540185744,0.3742511552553225,0.982577813650667,1418.7605444292378,3,3.7661277509591766,0.2577250661317985,5
zcash,May-2020,False,3.089527224701281,0.3558135612001374,0.9843199952239192,1593.7179509142725,3,3.8770961294313486,0.2870729922899431,4
zcash,Jun-2020,False,2.7154685354856043,0.3127341044976466,0.9877130156380188,2108.2211480817064,2,4.136373855225145,0.3088910856544746,3
zcash,Jul-2020,False,2.693547624224721,0.3102095248667805,0.988028457601686,2143.787464400968,2,4.1515682730609305,0.3535669058674546,3
zcash,Aug-2020,False,2.373773151229502,0.2733818532710634,0.9901521371064064,2709.8234430207435,2,4.37321904743261,0.3833187944958775,2
zcash,Sep-2020,False,2.3633857531855775,0.2721855611458275,0.990363339510308,2727.94901818931,2,4.380419043100108,0.4078897642373325,2
zcash,Oct-2020,False,2.429518033210672,0.27980185980728,0.9899462134540044,2636.5593472139335,2,4.334579639656715,0.4119948215692897,2
zcash,Nov-2020,False,2.5059185605963683,0.2886007282908881,0.989456609894566,2485.099631380762,2,4.281622829506023,0.4010816468946266,3
zcash,Dec-2020,False,2.836925068348016,0.3267219668292286,0.9866694390441982,1709.6018403585429,3,4.052186601910977,0.2319709508528964,4
zcash,Jan-2021,False,2.89920511083737,0.3338946123824574,0.9862332790598202,1704.8690042418807,3,4.009017366054328,0.2432607532182192,4
zcash,Feb-2021,False,2.7891285015376748,0.3212173489983979,0.9872402663130384,1815.948017811,2,4.08531665743601,0.2615456528513555,3
zcash,Mar-2021,False,2.8230843525054867,0.3251279642407045,0.9870371949434192,1832.7426513229475,2,4.061780255074158,0.2770724841660802,3
zcash,Apr-2021,False,2.8648660095454725,0.3299398591045465,0.9865496914570012,1742.57812748006,3,4.032819417297769,0.2517602560372418,4
zcash,May-2021,False,2.789409480700988,0.3212497087057091,0.9869164259796024,1735.684899620902,3,4.085121897521163,0.2374982391886181,4
zcash,Jun-2021,False,3.1447623092399866,0.3621748555676948,0.9835556478886384,1363.7966473706451,3,3.838810086315355,0.1969326581689075,4
zcash,Jul-2021,False,3.0014606842110885,0.3456711455114648,0.9849973719558888,1484.0381406946517,3,3.938139203673794,0.2184746192178834,4
zcash,Aug-2021,False,2.975541222599027,0.3426860622706237,0.98538097226165,1540.9534425177562,3,3.956105205411826,0.2565265144047988,4
zcash,Sep-2021,False,3.0831871742435393,0.3550833925473022,0.9842868544139975,1498.0515759333696,3,3.88149071753074,0.2753159028707855,5
zcash,Oct-2021,False,3.1707080871066937,0.3651629695894942,0.9834636441782528,1373.043929539088,3,3.820825843539611,0.2152668317946408,5
zcash,Nov-2021,False,3.2114360450824195,0.3698535124181477,0.9829702110946554,1341.8141495111813,3,3.7925953742987737,0.2062170736676659,5
zcash,Dec-2021,False,3.1434679087747477,0.3620257825200539,0.9838348410301982,1486.9199264879496,3,3.839707296348349,0.2698336757380463,4
zcash,Jan-2022,False,2.881370549747305,0.3318406480596439,0.9864862338868126,1743.8618346440485,3,4.02137934179043,0.279273955255382,4
zcash,Feb-2022,False,2.873846157355073,0.3309740815404878,0.9863392235692544,1740.5786267253595,3,4.026594853162532,0.2477015613799981,4
zcash,Mar-2022,False,2.6922938181209077,0.3100651269759688,0.988223586841376,2073.786086202657,2,4.1524373452267564,0.3421882035119316,3
zcash,Apr-2022,False,2.588796101903289,0.2981455391862762,0.9889878669599425,2216.567863697665,2,4.224176495417393,0.3655585609167321,3
zcash,May-2022,False,2.5745697106897913,0.29650711927522,0.9890054346325624,2312.7343176808477,2,4.234037478376574,0.3891766075065464,3
