approver_scope,chain,status_changed_to,date,gini,cr1,shannon_entropy,hhi
core_editors,ethereum,all,2018-01-01,0.00,1.00,0.00,10000.00
core_editors,ethereum,all,2019-01-01,0.32,0.52,1.20,4656.00
core_editors,ethereum,all,2020-01-01,0.17,0.67,0.92,5555.60
core_editors,ethereum,all,2021-01-01,0.52,0.50,1.59,3904.00
core_editors,ethereum,all,2022-01-01,0.42,0.42,1.86,3140.30
core_editors,ethereum,all,2023-01-01,0.63,0.65,1.22,5102.00
core_editors,ethereum,all,2024-01-01,0.48,0.56,1.38,4401.70
core_editors,ethereum,all,2025-01-01,0.38,0.62,1.20,4921.90
core_editors,ethereum,draft,2022-01-01,0.25,0.75,0.81,6250.00
core_editors,ethereum,draft,2023-01-01,0.33,0.58,1.28,4583.30
core_editors,ethereum,draft,2024-01-01,0.25,0.75,0.81,6250.00
core_editors,ethereum,draft,2025-01-01,0.25,0.75,0.81,6250.00
core_editors,ethereum,review,2021-01-01,0.07,0.57,0.99,5102.00
core_editors,ethereum,review,2022-01-01,0.44,0.49,1.83,3330.40
core_editors,ethereum,review,2023-01-01,0.42,0.67,1.10,5303.50
core_editors,ethereum,review,2024-01-01,0.32,0.58,1.31,4505.70
core_editors,ethereum,review,2025-01-01,0.37,0.65,1.24,4950.00
core_editors,ethereum,last-call,2018-01-01,0.00,1.00,0.00,10000.00
core_editors,ethereum,last-call,2019-01-01,0.30,0.55,1.32,4380.20
core_editors,ethereum,last-call,2020-01-01,0.25,0.75,0.81,6250.00
core_editors,ethereum,last-call,2021-01-01,0.40,0.43,1.87,3265.30
core_editors,ethereum,last-call,2022-01-01,0.49,0.66,1.37,4857.10
core_editors,ethereum,last-call,2023-01-01,0.56,0.67,1.13,5360.30
core_editors,ethereum,last-call,2024-01-01,0.06,0.56,0.99,5078.10
core_editors,ethereum,last-call,2025-01-01,0.06,0.56,0.99,5061.70
core_editors,ethereum,final,2019-01-01,0.17,0.67,0.92,5555.60
core_editors,ethereum,final,2020-01-01,0.00,0.50,1.00,5000.00
core_editors,ethereum,final,2021-01-01,0.00,0.50,1.00,5000.00
core_editors,ethereum,final,2022-01-01,0.43,0.51,1.84,3425.90
core_editors,ethereum,final,2023-01-01,0.50,0.59,1.30,4679.80
core_editors,ethereum,final,2024-01-01,0.43,0.93,0.37,8673.50
core_editors,ethereum,final,2025-01-01,0.25,0.75,0.81,6250.00
core_editors,ethereum,stagnant,2022-01-01,0.45,0.95,0.30,9002.80
core_editors,ethereum,stagnant,2023-01-01,0.00,1.00,0.00,10000.00
core_editors,ethereum,stagnant,2024-01-01,0.00,1.00,0.00,10000.00
core_editors,ethereum,withdrawn,2023-01-01,0.00,1.00,0.00,10000.00
core_editors,ethereum,withdrawn,2024-01-01,0.00,1.00,0.00,10000.00
core_editors,ethereum,withdrawn,2025-01-01,0.00,0.50,1.00,5000.00
