ledger,snapshot_date,no_clustering,entropy,entropy_percentage,gini,hhi,nakamoto_coefficient,theil_index,max_power_ratio,tau_index
bitcoin,Jan-2018,True,4.101778119974246,0.43141214920987403,0.9808972185084944,993.0546383451664,4,3.7471651090540665,0.22037586547972304,6
bitcoin,Feb-2018,True,3.519628909840496,0.3701835223659119,0.9880127597282553,1312.035769186984,3,4.150680192723475,0.2597848477912566,5
bitcoin,Mar-2018,True,3.5644917142443844,0.37490205133100013,0.9878008404055665,1236.5830949938897,3,4.119583666338907,0.24382384532760473,5
bitcoin,Apr-2018,True,3.530340644880602,0.3713101490386018,0.9879162594455436,1319.3472645056258,3,4.143255383781516,0.2737527114967462,5
bitcoin,May-2018,True,3.582761308536946,0.37682358991948817,0.9875086488665035,1254.6552060982772,3,4.106920148565039,0.25355098579605684,5
bitcoin,Jun-2018,True,3.5733851506403393,0.3758374350590367,0.9868938127090301,1318.4801512287322,3,4.113419205975557,0.26717391304347826,5
bitcoin,Jul-2018,True,3.862343169838921,0.40622913262230487,0.9840539894887721,1070.3461556921388,4,3.9131287696678534,0.21050365906155832,5
bitcoin,Aug-2018,True,3.9988062834091798,0.42058189461753104,0.9817910852420534,961.6556277352689,4,3.8185397472462137,0.1765563189673121,6
bitcoin,Sep-2018,True,3.9071699488955445,0.41094387255443354,0.9838263965046042,977.0032212420202,4,3.8820572141511938,0.17040054310930075,6
bitcoin,Oct-2018,True,3.908667608560676,0.4111013916976005,0.9843367696473428,943.2305287734578,4,3.8810191155768687,0.16647636446677325,6
bitcoin,Nov-2018,True,3.995247285765027,0.42020757041524914,0.983376636283613,920.4962308621947,4,3.821006656428883,0.17700258397932817,6
bitcoin,Dec-2018,True,3.9913768463948873,0.41980048974968914,0.9836976452119309,890.2964244897963,4,3.8236894405658224,0.17417142857142856,6
bitcoin,Jan-2019,True,3.985958512681815,0.4192306064152128,0.9837043895331188,831.9184396080702,5,3.8274451433023704,0.14740331491712708,7
bitcoin,Feb-2019,True,3.872522931903456,0.4072998080470238,0.985027972027972,923.8432323232323,4,3.9060726962940704,0.1730909090909091,6
bitcoin,Mar-2019,True,3.974075529749261,0.417980791565162,0.9839789880449221,857.7186330153368,5,3.8356817994187167,0.1610989010989011,7
bitcoin,Apr-2019,True,4.093787054370882,0.4305716740097074,0.9824918051059129,843.9257137913611,4,3.7527040936467073,0.16436145689257722,7
bitcoin,May-2019,True,4.032091775114829,0.42408275816846625,0.9830477455186203,908.5002894627614,4,3.7954680025168983,0.18682482524888794,6
bitcoin,Jun-2019,True,3.794034446383598,0.3990446354765088,0.985564916384788,1016.2589065439861,4,3.96047676873858,0.1965036512502766,6
bitcoin,Jul-2019,True,3.7674642909122893,0.3962500699145886,0.9859141382726289,1026.586501061403,4,3.978893797090559,0.19958071278825995,6
bitcoin,Aug-2019,True,4.007555852640074,0.42150214684867426,0.9829318991530284,970.4222863084776,4,3.812475008002712,0.19867408041060736,6
bitcoin,Sep-2019,True,4.016626773641944,0.4224561978505247,0.9834438754341667,878.7214210156999,4,3.806187524685184,0.16396979503775622,7
bitcoin,Oct-2019,True,3.9863582165577744,0.41927264601441383,0.9837575664830307,875.0735833878614,5,3.8271680896876936,0.16467727674624227,7
bitcoin,Nov-2019,True,4.09108923112681,0.4302879254280263,0.9826028893386406,813.217238734458,5,3.754574082221981,0.15732454074422986,7
bitcoin,Dec-2019,True,3.943567684133633,0.4147720721123205,0.9840921353250269,865.4666980120318,4,3.856828226592144,0.161633717140995,7
bitcoin,Jan-2020,True,3.910524505987,0.41129669434102034,0.9845015392038825,883.6000121038351,4,3.8797320123612224,0.1792273590880304,7
bitcoin,Feb-2020,True,3.9174650731648324,0.41202668141378357,0.9844813948689731,889.1546430180005,4,3.8749211777904238,0.18319691863264323,7
bitcoin,Mar-2020,True,3.8998978196759655,0.41017901282672836,0.9847467749641663,908.8951824148265,4,3.887097870016413,0.18331374853113983,7
bitcoin,Apr-2020,True,3.726199578366232,0.3919099769584796,0.986496580087318,1016.1662624785997,4,4.007496316248477,0.19277642366496786,6
bitcoin,May-2020,True,3.860218702069368,0.40600568776995494,0.9850729542404161,947.0203604830734,4,3.9146013385125222,0.18726145038167938,7
bitcoin,Jun-2020,True,3.9326635757541575,0.41362521221556026,0.984367715160197,894.9679175501408,4,3.8643863785718984,0.18553528247966586,7
bitcoin,Jul-2020,True,3.988527449459901,0.4195007991229123,0.9835778462113176,795.264391751125,5,3.825664492017608,0.1529745042492918,8
bitcoin,Aug-2020,True,3.915999484066108,0.4118725353521377,0.984293990680852,816.1392476438077,5,3.8759370467420635,0.1528422915284229,7
bitcoin,Sep-2020,True,3.8399104792169396,0.40386973262778497,0.985279369714373,896.4064763688541,4,3.9286779259248763,0.15625689693224454,7
bitcoin,Oct-2020,True,3.9035440528477356,0.410562512188016,0.9846062946812768,844.0135738076216,5,3.884570493773736,0.14686979290645086,7
bitcoin,Nov-2020,True,3.9964883706886796,0.4203381038323683,0.9835786135047219,877.9444994062718,5,3.8201464019132176,0.19659650694133451,7
bitcoin,Dec-2020,True,4.022334751216754,0.42305654501733003,0.9832712148285919,877.2520641242354,5,3.8022310561225034,0.1871953921134249,7
bitcoin,Jan-2021,True,3.9768989394839562,0.41827774893977315,0.9837171189112937,819.8596812163912,5,3.8337247609215455,0.1669902912621359,7
bitcoin,Feb-2021,True,4.075170365072475,0.4286136290578638,0.9826983678086619,800.8242022299117,5,3.7656081993452566,0.16299019607843138,7
bitcoin,Mar-2021,True,3.991051434213423,0.4197662639177503,0.9836273900202083,824.9819728829533,5,3.823914999101927,0.16430903155603918,7
bitcoin,Apr-2021,True,3.960308827735384,0.4165328530541984,0.9840442825036491,875.298211277864,4,3.845224150105242,0.165725509452492,7
bitcoin,May-2021,True,3.915490335256276,0.4118189846782854,0.9845261284047176,922.2131307638033,4,3.876289961804083,0.16391589418946417,6
bitcoin,Jun-2021,True,4.033963279957086,0.42427959717404856,0.9832423794407966,837.0462851681222,5,3.794170774212085,0.14810627473148671,7
bitcoin,Jul-2021,True,3.9060631752800763,0.41082746557917255,0.9846738996533094,861.7481088438751,5,3.882824371162274,0.14916495081217113,7
bitcoin,Aug-2021,True,3.8632398972310384,0.40632344759502487,0.9850574178092758,894.0231677555247,5,3.912507205604299,0.17712634186622625,7
bitcoin,Sep-2021,True,3.7701377027932637,0.39653125098571435,0.9860687303767661,974.2077885841837,4,3.977040729182787,0.16964285714285715,6
bitcoin,Oct-2021,True,3.87987005995719,0.4080725559167212,0.9846583361107069,972.0778916263605,4,3.9009800551984144,0.1693720632208458,6
bitcoin,Nov-2021,True,3.6551978699088186,0.38444224010210915,0.987068705797287,1040.7357628712073,4,4.05671095028067,0.16106922549691569,5
bitcoin,Dec-2021,True,3.5685377172006647,0.3753275972235433,0.9878080180499536,1074.3769615440456,4,4.116779190797222,0.16957279860505667,6
bitcoin,Jan-2022,True,3.4862096726504554,0.36666859188468914,0.9883284509008914,1113.79973381898,4,4.173844642758212,0.16376904915217858,5
bitcoin,Feb-2022,True,3.3536330195170367,0.3527245956005364,0.9891648807623912,1168.3593768850078,4,4.265739776085716,0.17622650720039054,5
bitcoin,Mar-2022,True,3.378550621560762,0.3553453507794897,0.9889650200086132,1155.709779326608,4,4.248468210482794,0.1924262439453985,5
bitcoin,Apr-2022,True,3.4185251970747133,0.3595497511716626,0.9889127395917798,1149.3415245791682,4,4.220759946171215,0.1971480307831598,5
bitcoin,May-2022,True,3.260203378041086,0.3428979591394445,0.9898781386211554,1267.4345994194935,4,4.330500268655498,0.2105027932960894,5
bitcoin,Jun-2022,True,3.2168036218475784,0.3383333089933407,0.9902152291635772,1314.835582080555,3,4.360582687298016,0.22615169846440206,5
bitcoin,Jul-2022,True,3.164602153604427,0.3328429223980681,0.9906029526796631,1354.3456500144525,3,4.396765987831848,0.22391154111955772,5
bitcoin,Aug-2022,True,3.171417432307604,0.3335597320222855,0.9906169524471655,1385.7528052487548,3,4.392041996614008,0.2425220572412309,5
bitcoin,Sep-2022,True,3.295170288934303,0.34657566908338644,0.9896188021902634,1202.515027744675,4,4.306263052956973,0.1760804939400869,5
bitcoin,Oct-2022,True,3.049365946035254,0.3207227397552966,0.9915256838881127,1571.537739804888,3,4.4766416402068385,0.25869702719797594,4
bitcoin,Nov-2022,True,3.305408834210378,0.3476525271418038,0.9897506845139556,1277.3378472243662,3,4.299166234165828,0.1991869918699187,5
bitcoin,Dec-2022,True,3.0083754939589413,0.3164114926546276,0.9917187107023953,1637.5720561517944,3,4.505054056493413,0.2642193519147972,4
bitcoin,Jan-2023,True,2.920063118352803,0.30712307415716067,0.9921971278826971,1837.1596317827616,2,4.5662675306533576,0.3199322894625476,3
bitcoin,Feb-2023,True,2.951665825179737,0.3104469476759806,0.991874750338756,1868.9256145445383,2,4.544362203518206,0.33475885008315515,4
bitcoin,Mar-2023,True,2.962470928014653,0.3115833944802933,0.9918857885802687,1853.3904817461796,2,4.536872676952522,0.3237056054771074,3
bitcoin,Apr-2023,True,3.0033232060345783,0.3158801088673714,0.991613834065679,1864.9632656147592,2,4.508556035623562,0.3232768623810629,3
bitcoin,May-2023,True,3.1802642903111153,0.33449021678119134,0.9904686055488311,1701.693195999125,2,4.385909821932062,0.3085429314830876,4
bitcoin,Jun-2023,True,3.0398654278079897,0.31972350506557196,0.99132350955328,1841.7550314162984,2,4.483226897629925,0.32158590308370044,3
bitcoin,Jul-2023,True,3.1699543954577196,0.3334058543981624,0.9904041470637782,1686.8734050607925,2,4.393056096481562,0.2903799155743168,4
bitcoin,Aug-2023,True,3.05193688580655,0.3209931431315355,0.991374107951758,1773.625127636939,2,4.474859600552977,0.3001917282936182,3
bitcoin_cash,Jan-2018,True,3.328357844496626,0.2739303054865859,0.9983262749210835,1240.8292930552566,3,6.114961148605072,0.19595959595959597,5
bitcoin_cash,Feb-2018,True,3.2822076699217937,0.27013205661726847,0.9983391665294107,1216.0544017103705,4,6.14695001199397,0.21027805362462762,5
bitcoin_cash,Mar-2018,True,3.2340078114573365,0.2661651147887597,0.9984157456660756,1291.146154146529,3,6.180359607991998,0.20336700336700336,5
bitcoin_cash,Apr-2018,True,3.384744313208493,0.278571021215242,0.9982648995134126,1284.8450247370743,3,6.075877026795712,0.22745008033050265,5
bitcoin_cash,May-2018,True,3.6059544207643057,0.29677704207314914,0.9979683859439341,1120.4114996998007,3,5.922545864432037,0.18848403058929375,5
bitcoin_cash,Jun-2018,True,3.5785992548926835,0.2945256588703965,0.9980334114780878,1182.9010654962508,3,5.941507020529712,0.21448467966573817,5
bitcoin_cash,Jul-2018,True,3.284014584885531,0.2702807692230429,0.9983454116506468,1576.2026760506942,3,6.145697553981348,0.2812920592193809,4
bitcoin_cash,Aug-2018,True,4.006572631893215,0.3297486977920458,0.9971994982223755,1092.6101777453139,4,5.644858480907071,0.2635135135135135,7
bitcoin_cash,Sep-2018,True,4.342770802683039,0.3574184592573777,0.9966538228986763,662.814224288706,6,5.41182366671469,0.13180449386147788,9
bitcoin_cash,Oct-2018,True,4.579715622915186,0.3769194774838216,0.9960363172260913,550.8230841085933,7,5.247586032622494,0.10036003600360036,10
bitcoin_cash,Nov-2018,True,4.0723846547186735,0.3351651549037944,0.9971853648724615,811.3757521719173,5,5.599241062838662,0.1440697948597029,7
bitcoin_cash,Dec-2018,True,3.3284364177234482,0.27393677221553514,0.9982342955003591,1434.8658431485183,3,6.11490668579443,0.21649717514124295,4
bitcoin_cash,Jan-2019,True,3.361903100991614,0.2766911451524565,0.9982998532981797,1373.7764284974903,3,6.0917093486444145,0.25,4
bitcoin_cash,Feb-2019,True,3.5606811477938685,0.2930509639065014,0.9980403494437811,1176.5157208441028,3,5.953926905946225,0.2062111801242236,5
bitcoin_cash,Mar-2019,True,3.5107781503431297,0.28894385043642185,0.9980934964617137,1241.2838856477854,3,5.988517027930676,0.24328558639212175,5
bitcoin_cash,Apr-2019,True,3.3216800791832433,0.27338071245070267,0.9983312417256472,1327.2643292488704,3,6.119589822804495,0.22880184331797235,5
bitcoin_cash,May-2019,True,3.792578997949783,0.3121366067077789,0.997629972953548,1059.8814591696778,4,5.793187564932745,0.2021062065874972,6
bitcoin_cash,Jun-2019,True,3.682604382689385,0.30308548259146356,0.9977127575338004,1082.1395865904938,4,5.869416159433665,0.20602662929222143,6
bitcoin_cash,Jul-2019,True,3.491061681523321,0.287321146815218,0.9979933765972775,1199.0739166197504,4,6.002183442703735,0.24489337822671156,6
bitcoin_cash,Aug-2019,True,3.5012974632032305,0.2881635714983415,0.9979845023206747,1224.9107636450872,3,5.995088539491489,0.2251062877601253,5
bitcoin_cash,Sep-2019,True,3.8360072667957974,0.31571083745685913,0.9976060260052031,927.8005947408845,5,5.763085382825529,0.17479768786127167,7
bitcoin_cash,Oct-2019,True,3.61013317008739,0.29712096124653886,0.9978797701226525,1235.7598182147233,4,5.919649376120461,0.27533632286995513,6
bitcoin_cash,Nov-2019,True,3.64285547960869,0.2998140707804844,0.9978040873797346,1184.1325296837038,4,5.896967999534361,0.26210892236384703,6
bitcoin_cash,Dec-2019,True,3.8266533137947842,0.3149409889841922,0.9975795967546958,956.6451586721871,4,5.769569048975269,0.17792792792792791,6
bitcoin_cash,Jan-2020,True,3.500728273643038,0.2881167260936741,0.9978479062228782,1693.2195744474668,3,5.995483071630321,0.3582354245178453,5
bitcoin_cash,Feb-2020,True,3.631121423763511,0.2988483352278661,0.9978243161146513,1237.4571417934849,3,5.9051014272600115,0.2300265508085928,5
bitcoin_cash,Mar-2020,True,3.2949498312271577,0.2711807612043396,0.9981652685802901,1599.1269049771126,2,6.138117818810888,0.28236883584778205,4
bitcoin_cash,Apr-2020,True,3.78565344755412,0.31156662047907946,0.9973780265012266,1046.1475611875323,4,5.797987990663317,0.1657250470809793,5
bitcoin_cash,May-2020,True,3.745714314694427,0.3082795523883647,0.9969446357020117,1370.4025819944084,3,5.825671687998976,0.3004484304932735,5
bitcoin_cash,Jun-2020,True,3.51985652630368,0.28969101838421557,0.9975646034307326,1468.8549939071195,3,5.982224377229587,0.297059504514934,5
bitcoin_cash,Jul-2020,True,3.6566424092275156,0.3009487618259354,0.9976393596453941,1177.6462097585631,3,5.887411628140498,0.2115341293084028,5
bitcoin_cash,Aug-2020,True,3.630647363821617,0.2988093191752752,0.9977229360357714,1158.9342678968717,4,5.905430020572147,0.2031774446184829,5
bitcoin_cash,Sep-2020,True,3.6261263873884344,0.2984372340470228,0.9979370401391926,1208.785542899881,3,5.908563722640167,0.21969872537659327,5
bitcoin_cash,Oct-2020,True,3.7405812506037805,0.30785709125884464,0.9977903920795144,1058.9875218743227,4,5.829229656901088,0.2014959202175884,6
bitcoin_cash,Nov-2020,True,3.3821837857249437,0.27836028483756103,0.9981617135393002,1378.09886407355,3,6.077651849201671,0.22803823395539372,4
bitcoin_cash,Dec-2020,True,3.40897515874832,0.28056526679550564,0.9980903006089603,1447.0518041691407,3,6.059081484527177,0.26088960589997695,4
bitcoin_cash,Jan-2021,True,3.6886324884869515,0.30358160738927137,0.9978164478453294,1140.7098888044136,4,5.865237794895953,0.2176039119804401,5
bitcoin_cash,Feb-2021,True,3.547500650065172,0.2919661833816979,0.9979953973904562,1259.087324014615,3,5.963062930785255,0.20501882057716436,5
bitcoin_cash,Mar-2021,True,3.5452422217706077,0.29178031035314944,0.9978795856743011,1173.2217850033342,4,5.96462835399012,0.17555354722096703,5
bitcoin_cash,Apr-2021,True,3.2613518829969026,0.2684155849064682,0.998186094114897,1411.975119464276,3,6.161406141899293,0.21480026195153898,4
bitcoin_cash,May-2021,True,3.0642442639143357,0.2521932455933145,0.9984482652665735,1674.8993897472697,3,6.2980307323332925,0.29580279813457694,4
bitcoin_cash,Jun-2021,True,3.0644581815773804,0.25221085143184646,0.9983777210397264,2186.19955526917,2,6.297882455908251,0.4206615532118888,4
bitcoin_cash,Jul-2021,True,3.1793840554999675,0.2616694737383336,0.9983211040363654,1860.1742666624784,2,6.218221910425431,0.36195325156213837,4
bitcoin_cash,Aug-2021,True,2.715012548355044,0.22345079811671828,0.99870539491305,2733.2322183311226,2,6.540099711335315,0.46725274725274724,2
bitcoin_cash,Sep-2021,True,2.2590313757670306,0.18592266330101706,0.9989812235130945,3577.111035963603,1,6.856161775503119,0.5478301446570228,2
bitcoin_cash,Oct-2021,True,2.8369510852981144,0.2334865761898703,0.9986320873133642,2241.537744581693,2,6.455578358251618,0.3459887005649718,3
bitcoin_cash,Nov-2021,True,3.5406373099675745,0.29140131718117745,0.9979611822295937,1213.3532122279785,3,5.9678202356231385,0.2229590670020581,5
bitcoin_cash,Dec-2021,True,3.640552055315502,0.29962449449398576,0.9977734187319962,1215.7123390516922,3,5.898564611588844,0.2438533750558784,5
bitcoin_cash,Jan-2022,True,3.5040940304492367,0.28839373440623883,0.9978535954463015,1395.6635725670387,3,5.993150106789668,0.28629856850715746,5
bitcoin_cash,Feb-2022,True,3.2986225045227227,0.27148302933920077,0.9982439833824547,1556.176529119723,3,6.135572115670987,0.29911807937285645,4
bitcoin_cash,Mar-2022,True,3.1349677236267417,0.2580139234859038,0.9983107632066358,1898.4372031762464,2,6.249008965634198,0.33140569395017794,4
bitcoin_cash,Apr-2022,True,3.175913701338759,0.2613838568605996,0.9983992121598698,1735.4030496582573,2,6.220627376627829,0.3299113392440504,4
bitcoin_cash,May-2022,True,2.9752636213822337,0.24486996614741174,0.9985278996940344,2015.5163683823278,2,6.359707413828806,0.36027241770715096,3
bitcoin_cash,Jun-2022,True,2.918935173111858,0.24023402561361287,0.9985903933680425,2179.6614102730446,2,6.398751318932734,0.39296672173707814,3
bitcoin_cash,Jul-2022,True,2.9536800653692405,0.24309359762925434,0.9985570924643077,2095.9630405630655,2,6.3746679948256935,0.3820849077572794,3
bitcoin_cash,Aug-2022,True,3.1221275017338073,0.2569571483223009,0.9983803192501824,1991.6447895620138,2,6.257909129237027,0.37377341659232827,3
bitcoin_cash,Sep-2022,True,3.027742558699135,0.24918908446415158,0.9980556553397079,2600.0336671997193,2,6.323331786388835,0.4738532110091743,3
bitcoin_cash,Oct-2022,True,4.029155534145834,0.33160731444381664,0.9948976423832484,1424.917195805673,3,5.629205205881827,0.31549609810479373,5
bitcoin_cash,Nov-2022,True,3.271892463492811,0.2692830951232631,0.9977730310553689,2039.2975717910033,2,6.154099968247095,0.39949748743718594,4
bitcoin_cash,Dec-2022,True,3.0136638955897954,0.248030383186655,0.9981088858853615,2451.1219412934593,2,6.333090372029108,0.4474699341955979,3
bitcoin_cash,Jan-2023,True,4.258359943952938,0.3504712818808361,0.9940488830229262,1314.3456790123366,3,5.470332815452078,0.2937777777777778,5
bitcoin_cash,Feb-2023,True,4.01942255408685,0.33080627130920875,0.9945167978168568,1589.5859379034116,3,5.635951593568119,0.3434268833087149,5
bitcoin_cash,Mar-2023,True,4.365055922967721,0.35925256787568083,0.9915640273920898,1413.6904047626929,3,5.396376798420885,0.31224303334856096,5
bitcoin_cash,Apr-2023,True,3.986177592073591,0.3280701464615636,0.9943726102461201,1635.9666055595385,2,5.658995245255456,0.3389082462253194,5
bitcoin_cash,May-2023,True,4.0743039774659735,0.3353231188881552,0.9958993581484508,1017.7644690688804,4,5.597910689687745,0.20513392857142856,6
bitcoin_cash,Jun-2023,True,4.19083045330937,0.34491347383686843,0.9959845448869815,926.767389115094,4,5.51714069149636,0.17632027257240204,6
bitcoin_cash,Jul-2023,True,3.5179649469588714,0.28953533773568424,0.9974613184458145,1496.4137098329923,3,5.983535520119227,0.25299841593120614,4
bitcoin_cash,Aug-2023,True,3.9446958937411196,0.32465612224084917,0.9970438021765017,1003.889039998568,4,5.687748167499425,0.16228606356968214,6
cardano,Jan-2018,False,0.0,0.0,0.999597261377366,10000.0,1,7.817222785508166,1.0,1
cardano,Feb-2018,False,0.0,0.0,0.999597261377366,10000.0,1,7.817222785508169,1.0,1
cardano,Mar-2018,False,0.0,0.0,0.999597261377366,10000.0,1,7.817222785508166,1.0,1
cardano,Apr-2018,False,0.0,0.0,0.999597261377366,10000.0,1,7.817222785508166,1.0,1
cardano,May-2018,False,0.0,0.0,0.999597261377366,10000.0,1,7.817222785508166,1.0,1
cardano,Jun-2018,False,0.0,0.0,0.999597261377366,10000.0,1,7.817222785508166,1.0,1
cardano,Jul-2018,False,0.0,0.0,0.999597261377366,10000.0,1,7.817222785508166,1.0,1
cardano,Aug-2018,False,0.0,0.0,0.999597261377366,10000.0,1,7.817222785508166,1.0,1
cardano,Sep-2018,False,0.0,0.0,0.999597261377366,10000.0,1,7.817222785508166,1.0,1
cardano,Oct-2018,False,0.0,0.0,0.999597261377366,10000.0,1,7.817222785508166,1.0,1
cardano,Nov-2018,False,0.0,0.0,0.999597261377366,10000.0,1,7.817222785508166,1.0,1
cardano,Dec-2018,False,0.0,0.0,0.999597261377366,10000.0,1,7.817222785508166,1.0,1
cardano,Jan-2019,False,0.0,0.0,0.999597261377366,10000.0,1,7.817222785508166,1.0,1
cardano,Feb-2019,False,0.0,0.0,0.999597261377366,10000.0,1,7.817222785508166,1.0,1
cardano,Mar-2019,False,0.0,0.0,0.999597261377366,10000.0,1,7.817222785508166,1.0,1
cardano,Apr-2019,False,0.0,0.0,0.999597261377366,10000.0,1,7.817222785508166,1.0,1
cardano,May-2019,False,0.0,0.0,0.999597261377366,10000.0,1,7.817222785508166,1.0,1
cardano,Jun-2019,False,0.0,0.0,0.999597261377366,10000.0,1,7.817222785508166,1.0,1
cardano,Jul-2019,False,0.0,0.0,0.999597261377366,10000.0,1,7.817222785508166,1.0,1
cardano,Aug-2019,False,0.0,0.0,0.999597261377366,10000.0,1,7.817222785508166,1.0,1
cardano,Sep-2019,False,0.0,0.0,0.999597261377366,10000.0,1,7.817222785508166,1.0,1
cardano,Oct-2019,False,0.0,0.0,0.999597261377366,10000.0,1,7.817222785508166,1.0,1
cardano,Nov-2019,False,0.0,0.0,0.999597261377366,10000.0,1,7.817222785508166,1.0,1
cardano,Dec-2019,False,0.0,0.0,0.999597261377366,10000.0,1,7.817222785508166,1.0,1
cardano,Jan-2020,False,0.0,0.0,0.999597261377366,10000.0,1,7.817222785508166,1.0,1
cardano,Feb-2020,False,0.0,0.0,0.999597261377366,10000.0,1,7.817222785508166,1.0,1
cardano,Mar-2020,False,0.0,0.0,0.999597261377366,10000.0,1,7.817222785508166,1.0,1
cardano,Apr-2020,False,0.0,0.0,0.999597261377366,10000.0,1,7.817222785508166,1.0,1
cardano,May-2020,False,0.0,0.0,0.999597261377366,10000.0,1,7.817222785508166,1.0,1
cardano,Jun-2020,False,0.0,0.0,0.999597261377366,10000.0,1,7.817222785508166,1.0,1
cardano,Jul-2020,False,0.0,0.0,0.999597261377366,10000.0,1,7.817222785508166,1.0,1
cardano,Aug-2020,False,1.004260837211968,0.08904704227577305,0.9971382065593118,8217.268131183557,1,7.121122217647937,0.9062353968995713,1
cardano,Sep-2020,False,2.575107078800272,0.2283327801043894,0.9918661733264261,5130.124352511601,1,6.032294574197824,0.7132373625567202,1
cardano,Oct-2020,False,3.4501424841887456,0.30592150192764145,0.987932717451226,3643.0311627552583,1,5.425766250062679,0.5977908891328211,3
cardano,Nov-2020,False,4.738003299413289,0.42011513789276284,0.9788688173453531,1941.3289649694736,3,4.5330891570361596,0.42896684905053106,13
cardano,Dec-2020,False,5.8974654298464,0.5229237604339633,0.9635785516652325,977.2903773778343,10,3.7294112503604473,0.2959568630439753,36
cardano,Jan-2021,False,6.343720566347948,0.5624928629354151,0.9528162985781362,724.9558320522553,14,3.420090760683946,0.24973056075062605,45
cardano,Feb-2021,False,6.891342754944806,0.6110501046123035,0.9443075685702839,353.8367482499963,22,3.0405079846459837,0.14835722160970233,54
cardano,Mar-2021,False,7.317342036314968,0.6488231358926332,0.9349172617572549,202.17342387697647,29,2.7452277838436854,0.07551518350897748,65
cardano,Apr-2021,False,7.481946661419401,0.6634185024222636,0.9287847650556368,195.5564362224209,35,2.631132552045431,0.09159197555331092,77
cardano,May-2021,False,7.573785595074738,0.6715617906047168,0.9240268619489578,183.9329287370561,37,2.567474654116574,0.08894242123659724,81
cardano,Jun-2021,False,7.572768990994575,0.6714716490965054,0.9248451256766791,182.26493020089998,38,2.5681793103684565,0.09062572302629887,82
cardano,Jul-2021,False,7.6253168586081665,0.6761310284285519,0.9203494464436809,181.78330860957297,38,2.531755904087683,0.09062080664354255,85
cardano,Aug-2021,False,7.6671018422724,0.6798360710519118,0.9191769194611371,174.1285595877122,40,2.5027927604711095,0.08948254427134453,89
cardano,Sep-2021,False,7.7417705327988475,0.6864568868754625,0.9159627044328544,163.85857487202654,43,2.4510363681565237,0.08811987796853503,93
cardano,Oct-2021,False,7.795018822507249,0.6911783721002973,0.9121143902978962,160.49342884922916,44,2.414127466275519,0.08817538813723476,99
cardano,Nov-2021,False,7.804211328308008,0.6919934645766036,0.9139095888158666,154.3383170063529,46,2.407755706797439,0.08864424690001851,99
cardano,Dec-2021,False,7.744560202430863,0.6867042447534687,0.9186197494779303,152.7688214531109,43,2.4491027165164567,0.08888253786796227,90
cardano,Jan-2022,False,7.689439201759147,0.681816707676225,0.9219513841731114,153.94104698111946,41,2.4873096827216687,0.08966965663297333,82
cardano,Feb-2022,False,7.564752891372223,0.6707608676585473,0.9281107919239655,159.363745637242,35,2.573735647220837,0.0880425098638157,75
cardano,Mar-2022,False,7.803213564461839,0.6919049936175669,0.9152397100546018,145.63340226080783,43,2.4084473039942687,0.08920692809028836,93
cardano,Apr-2022,False,7.871768700795279,0.6979837252549103,0.9121151525453519,137.67376292751246,47,2.360928504531858,0.0862486422195387,104
cardano,May-2022,False,7.890813148264448,0.6996723818828177,0.911302112654044,134.38381751172815,48,2.3477278994633743,0.08378474926651011,109
cardano,Jun-2022,False,7.897043059583875,0.7002247833666546,0.9106806685396827,133.3455220076532,47,2.3434096539970937,0.08399150012897204,105
cardano,Jul-2022,False,7.94824615537346,0.7047649228070053,0.908427695854994,129.21604019625872,51,2.307918372514614,0.08422091198706672,112
cardano,Aug-2022,False,7.954619873127091,0.705330075497652,0.909034549976053,126.30338861701355,52,2.3035004480240158,0.08317568085244317,114
cardano,Sep-2022,False,7.978134534281999,0.7074151025627068,0.9076437999368919,123.548126239598,52,2.2872013269426996,0.08196230564804349,116
cardano,Oct-2022,False,7.988730489076193,0.7083546377905569,0.9076402491514683,119.60189322465024,52,2.2798567707517288,0.07994265266949453,117
cardano,Nov-2022,False,7.958692535317558,0.7056911953470094,0.9086493827658774,122.15440535864703,49,2.30067749370934,0.07981819532856117,112
cardano,Dec-2022,False,7.973826707538323,0.7070331308518256,0.9085145498566635,118.94808138023981,49,2.2901872849043485,0.07893705928440846,113
cardano,Jan-2023,False,8.00500182276129,0.7097974045348645,0.9070399001496752,115.51946439553315,52,2.268578341683953,0.07744133772581854,117
cardano,Feb-2023,False,8.031964094341724,0.7121881285861371,0.9057562837439332,114.10303385985364,54,2.2498895191564796,0.07795057279442565,119
cardano,Mar-2023,False,8.059146960551033,0.7145984125948583,0.904362871267204,112.26334335027879,56,2.2310477920839613,0.07785556659271112,120
cardano,Apr-2023,False,8.059735678030009,0.7146506137245812,0.9065767097672881,99.75035116685079,55,2.230639724223256,0.06649051641794748,116
cardano,May-2023,False,8.176035477179962,0.724962828189023,0.904364872283023,71.54325325104263,59,2.150026846342765,0.0340481435586764,120
cardano,Jun-2023,False,8.119229158042511,0.7199258552091677,0.905897709882979,82.45527402215374,58,2.189401986290947,0.04963402804315235,118
dogecoin,Jan-2018,True,5.858163109306092,0.3070165707664196,0.9988896472069947,1162.3205834668831,3,9.165326781049865,0.2644785404238527,7
dogecoin,Feb-2018,True,5.577599558286762,0.2923127023850205,0.9990862713115519,1382.913935034782,3,9.359798615407318,0.3068357562635323,6
dogecoin,Mar-2018,True,5.163019157259365,0.2705852341231347,0.9993014424020713,1568.2447147102216,2,9.647163851494327,0.3400261486738887,5
dogecoin,Apr-2018,True,5.330673355276791,0.2793717113839226,0.9994043244905743,1274.006058340209,3,9.530954816830253,0.2776262101933895,6
dogecoin,May-2018,True,5.845146904956668,0.3063344131772246,0.9991427389024989,1111.2322218933182,3,9.17434892639716,0.22754449063477977,7
dogecoin,Jun-2018,True,5.434547425779656,0.28481557839859784,0.9996965226373589,1015.017145201488,3,9.45895479772784,0.2350698549815409,10
dogecoin,Jul-2018,True,6.175946896705903,0.32367108973972475,0.9993298725913232,889.7628014146684,4,8.945055844786186,0.21802121792774687,14
dogecoin,Aug-2018,True,6.107850173574389,0.3201022539073704,0.999390806555882,886.3891034620161,4,8.992256896430492,0.21526222471071296,14
dogecoin,Sep-2018,True,6.091939597064082,0.3192684070943052,0.9994373455383411,879.199484828914,4,9.003285267678939,0.21022439682807492,13
dogecoin,Oct-2018,True,5.647795954685722,0.29599157859594966,0.9996047186083047,876.8897134914977,4,9.311142181157823,0.21647267797877812,9
dogecoin,Nov-2018,True,5.368460804776547,0.2813520886706176,0.9996183649145715,982.7180064768647,4,9.504762552748264,0.21110468478889532,7
dogecoin,Dec-2018,True,5.278307538186983,0.2766273061346466,0.999613342066399,1014.8798122506057,4,9.567252035303362,0.20913062778907035,7
dogecoin,Jan-2019,True,5.733907000909377,0.3005045150955663,0.9995643087797498,800.7020558713879,4,9.25145455225285,0.18987223724703908,9
dogecoin,Feb-2019,True,5.180878166353024,0.2715211950424391,0.9997177311035259,967.5978134491461,4,9.634784929693666,0.21584276047316495,7
dogecoin,Mar-2019,True,5.265540475448208,0.27595820564227697,0.9997169201529854,927.1472663880737,4,9.576101488844705,0.19897139931581764,8
dogecoin,Apr-2019,True,5.132422691299781,0.2689817243059429,0.9997950153121354,843.3984153626485,4,9.66837170561006,0.21058081294548256,8
dogecoin,May-2019,True,5.283774271083161,0.27691380849993824,0.9997757521721181,728.4187153670892,5,9.56346278480953,0.18004520353239975,9
dogecoin,Jun-2019,True,4.866369766647595,0.2550383336824671,0.9998175565083134,981.9402428969802,4,9.852785540212022,0.21613471327591613,7
dogecoin,Jul-2019,True,4.826400026136123,0.25294358615883433,0.9998073694905852,1011.9257399410407,4,9.880490453155057,0.22512612107623317,7
dogecoin,Aug-2019,True,4.853729122635832,0.25437585858500766,0.9997724734042026,963.2934005902983,4,9.86154736696962,0.1858993813470293,7
dogecoin,Sep-2019,True,4.754939454956582,0.24919845665335846,0.9997808074027866,1110.2685390568295,3,9.930023146589084,0.24395122421438212,6
dogecoin,Oct-2019,True,4.8209728229567075,0.25265915548015455,0.9997399119441275,1129.1377261542355,3,9.88425230373752,0.261171032357473,6
dogecoin,Nov-2019,True,4.141336947015222,0.21704057127414003,0.9998864534220434,1269.8898381814033,3,10.355339994953114,0.26631512747327174,5
dogecoin,Dec-2019,True,4.282230836993247,0.22442458536454293,0.9998928944463593,1076.2188766613574,4,10.257679792356512,0.2069763095182468,5
dogecoin,Jan-2020,True,4.249581916423083,0.22271350981993177,0.999856393868573,1129.0378245415727,3,10.280310299598625,0.2081018355721218,5
dogecoin,Feb-2020,True,4.255891371212159,0.22304417783592992,0.9997976466872638,1176.154678341698,3,10.275936918800696,0.19461842962369094,4
dogecoin,Mar-2020,True,4.570188147765489,0.23951594837899573,0.9995491430916008,1080.988770653113,4,10.058082994271627,0.16880186173338663,5
dogecoin,Apr-2020,True,5.619958515206222,0.2945326647609393,0.9972008462373056,1098.664545790118,4,9.330437623842576,0.19762557964505087,5
dogecoin,May-2020,True,6.371955114315644,0.33394355393878133,0.9954332572674486,986.7137170426246,4,8.809193301383358,0.20692163303613328,5
dogecoin,Jun-2020,True,5.8038039529571,0.3041676979268239,0.997270834793962,1012.9482007819266,4,9.20300567701234,0.2039326932402289,6
dogecoin,Jul-2020,True,5.544410664348349,0.29057332773559924,0.9976490617920356,1098.9860298366486,3,9.382803403670701,0.2139602611677392,5
dogecoin,Aug-2020,True,5.689232269152515,0.2981631868177461,0.9976006968420249,1020.9331761478818,4,9.282420716613675,0.20692007338758997,6
dogecoin,Sep-2020,True,5.556657348277269,0.29121515604132603,0.9979577378127314,1046.109040234428,4,9.374314649234176,0.20335114133074308,5
dogecoin,Oct-2020,True,5.688460597929752,0.2981227448143141,0.9976244839165977,967.8171462613722,4,9.28295559834586,0.19769221711998117,6
dogecoin,Nov-2020,True,6.5730298420972835,0.34448154549679083,0.9953499371473681,689.1332477479446,5,8.669818920736747,0.1227523025193704,7
dogecoin,Dec-2020,True,6.30418955944334,0.3303920740832737,0.9952554839293971,879.5505927121982,4,8.856164804678793,0.1466998988925204,6
dogecoin,Jan-2021,True,6.142819555396194,0.3219349409610472,0.9950426953428185,1070.3872218507615,4,8.968017968020579,0.20541300527240774,5
dogecoin,Feb-2021,True,6.415831958521873,0.3362430662590937,0.9953065172148284,849.8265246909575,4,8.778780190524689,0.18413345884321725,7
dogecoin,Mar-2021,True,6.885416791527417,0.36085322518148005,0.993045931649209,805.5532235834547,4,8.453288787505105,0.1434012253684385,6
dogecoin,Apr-2021,True,6.8858754524317165,0.36087726283549465,0.9935246418991973,786.4735792731387,4,8.452970867984925,0.13971289525812525,7
dogecoin,May-2021,True,6.559521293066209,0.3437735849429165,0.9939488916646234,906.8650247681685,4,8.679182333418769,0.16220245137475747,6
dogecoin,Jun-2021,True,6.488215986632739,0.34003659260416175,0.9942927794531644,928.3875338954589,4,8.728607405520815,0.16929355130366786,6
dogecoin,Jul-2021,True,6.556851938779389,0.3436336885310194,0.9934585552487474,1055.0244673606192,3,8.681032588816835,0.19324688845771615,5
dogecoin,Aug-2021,True,6.06869231621491,0.31805005582740065,0.9945466439196776,1219.7767636529713,3,9.019399054864417,0.1986278762731045,4
dogecoin,Sep-2021,True,6.06458180838898,0.3178346309590113,0.9947353032924287,1244.3479649998606,3,9.022248241758103,0.21456846838041246,4
dogecoin,Oct-2021,True,6.21657342875789,0.32580025861399503,0.9940003286992244,1255.3268181458748,3,8.91689567863551,0.23189476443533588,4
dogecoin,Nov-2021,True,6.534389817364893,0.3424564861622662,0.9931294655672441,1235.87727925699,3,8.696602144929622,0.24500996775860795,5
dogecoin,Dec-2021,True,6.8194546579596,0.35739625963262794,0.992089989422499,1188.014229380507,3,8.499010254409837,0.2585685363820412,6
dogecoin,Jan-2022,True,6.9641172888744975,0.36497778715803697,0.9917430526774167,1081.0906335510167,3,8.398737759655965,0.2341616830668795,6
dogecoin,Feb-2022,True,7.108725071293225,0.3725564401651215,0.9918460935306951,1057.3034880228884,3,8.298503282976492,0.23510003695296416,204
dogecoin,Mar-2022,True,7.157801002051312,0.3751284279516314,0.9911374495177332,1037.9177926744094,3,8.264486439953695,0.23024539437528374,109
dogecoin,Apr-2022,True,7.197858976463762,0.3772277996670455,0.9913278719061447,958.808928468788,3,8.23672036791864,0.20503873091296063,198
dogecoin,May-2022,True,7.109179473409658,0.3725802546231578,0.9915079572017237,953.9732354721623,4,8.298188315429131,0.20229335881509794,7
dogecoin,Jun-2022,True,6.9247488859666175,0.3629145547365758,0.9927280303663324,938.005032393957,4,8.426025857136835,0.19242184408389396,6
dogecoin,Jul-2022,True,7.540987054032689,0.39521057067277876,0.9903344272238718,810.763300763651,4,7.998882108390954,0.18160084154155112,748
dogecoin,Aug-2022,True,7.584289475987343,0.3974799784796865,0.9899102957828471,816.3070096776996,4,7.968867156689662,0.1854082998661312,1073
dogecoin,Sep-2022,True,7.53138497030002,0.3947073414582946,0.9903217922891953,812.8689415969166,4,8.005537765643464,0.17946250092544608,966
dogecoin,Oct-2022,True,7.621435788394967,0.39942675483930856,0.9897144731237982,811.2693003163243,4,7.9431192949848075,0.16401609503736347,1233
dogecoin,Nov-2022,True,7.670785373914872,0.4020130844160656,0.9898082900574342,790.6143675452955,4,7.908912768914331,0.1537112943849079,1356
dogecoin,Dec-2022,True,7.598004148831884,0.39819874163928953,0.9897289768446869,818.1580107202303,4,7.959360869884471,0.16137585094948048,1204
dogecoin,Jan-2023,True,7.483883261576056,0.3922178560264518,0.9904885475200906,812.3305005837416,4,8.038463441129862,0.15217131235793754,633
dogecoin,Feb-2023,True,8.130674721783167,0.4261151191119301,0.9890340447114412,706.1451041562043,5,7.590141764068101,0.1584982430183096,2299
dogecoin,Mar-2023,True,8.202273036296509,0.4298674675160949,0.9875975048452481,702.1523939400832,5,7.540513594237924,0.15759107381270265,2721
dogecoin,Apr-2023,True,8.286941191650017,0.43430478450859356,0.9875391967570908,670.8308518633376,5,7.481826101071914,0.1544172051497065,2950
dogecoin,May-2023,True,8.459650556648604,0.4433561946506019,0.9866125887437956,695.2480486967378,5,7.362113091654367,0.17032745233063423,3360
dogecoin,Jun-2023,True,6.70811432921043,0.351561098459619,0.9991372411829988,706.2915120938893,5,8.576185489359874,0.1849518161601186,216
dogecoin,Jul-2023,True,8.151937954715695,0.4272294897323012,0.9894834659163035,673.6168933782023,5,7.575403214116531,0.16980239646836243,1954
dogecoin,Aug-2023,True,7.886525994917067,0.41331969100916155,0.9909790110959336,806.5472434561204,4,7.759372765736211,0.2045482596889657,1711
ethereum,Jan-2018,True,3.064756173872405,0.2224156057778793,0.9995367976805676,1698.276884401082,2,7.426833185567469,0.26236513861701644,4
ethereum,Feb-2018,True,3.1636609960914974,0.22959333043204577,0.9995034129238393,1579.8713567421864,3,7.358277586902525,0.25776238209326324,4
ethereum,Mar-2018,True,3.201114605729502,0.23231141526607665,0.9994761447960255,1600.961848479858,3,7.332316722980154,0.2777862470735558,4
ethereum,Apr-2018,True,3.255088465750145,0.236228408361646,0.999442130236439,1563.9934079854918,3,7.294904894082901,0.27145503422413986,4
ethereum,May-2018,True,3.3246583293876992,0.24127723524606334,0.9994022570049046,1542.3831801823128,3,7.246682739250598,0.2720029982793965,4
ethereum,Jun-2018,True,3.30653146733999,0.23996173189947928,0.9994078350076039,1562.391654549277,3,7.259247322571369,0.2706374691350869,4
ethereum,Jul-2018,True,3.328079678484836,0.24152552952751538,0.9993866114674275,1592.914931588189,3,7.244311240770212,0.2836265000821963,4
ethereum,Aug-2018,True,3.4870016912256547,0.25305882409643615,0.9993097063442155,1528.333570660073,3,7.134154895710024,0.29088589513627267,4
ethereum,Sep-2018,True,3.6540976844180935,0.2651853210966833,0.9992266245697329,1387.911037629275,3,7.01833277914578,0.26903811493083585,4
ethereum,Oct-2018,True,3.4082888062041072,0.24734646950397554,0.9993382158136284,1575.7981530030795,3,7.188714510036433,0.26505891074273275,4
ethereum,Nov-2018,True,3.4379072265939543,0.24949593867524344,0.9993285154559901,1550.9152944312236,3,7.168184585450558,0.26704234598971444,4
ethereum,Dec-2018,True,3.4884918631374364,0.2531669689111192,0.9993093871467108,1534.32255835058,3,7.133121987250799,0.2821551691582281,4
ethereum,Jan-2019,True,3.4612744418898598,0.25119174514418485,0.9993032335820863,1584.348746639784,3,7.151987666050644,0.27674574085791714,4
ethereum,Feb-2019,True,3.504608405240157,0.2543365792394645,0.9992978845502546,1541.0297509492123,3,7.12195085153193,0.2907322626941302,4
ethereum,Mar-2019,True,3.3966183795985896,0.24649952284463567,0.9993548751962577,1602.2334963562823,3,7.196803833333984,0.2746261284192805,4
ethereum,Apr-2019,True,3.432409446614755,0.24909695357002315,0.9993469615084565,1553.0386277538125,3,7.171995356142497,0.2597654120347053,4
ethereum,May-2019,True,3.4164324760797604,0.24793747223498883,0.9993520811817197,1588.3439609192103,2,7.183069748222691,0.25419614755130304,4
ethereum,Jun-2019,True,3.3997161891821466,0.24672433720376322,0.9993659713368803,1596.9730252562476,2,7.194656595355208,0.263248691808952,4
ethereum,Jul-2019,True,3.463293842841616,0.25133829718960443,0.9993299904686224,1549.9575569280703,3,7.150587923974537,0.2519990563149097,4
ethereum,Aug-2019,True,3.4855907123236327,0.25295642647997696,0.9993303044898356,1523.003416853021,3,7.13513291175777,0.25350940937680105,4
ethereum,Sep-2019,True,3.4762876014823982,0.25228128075353656,0.9993298050043365,1564.367332123522,3,7.1415813368078025,0.28088109762445085,4
ethereum,Oct-2019,True,3.4507042631741647,0.2504246457180464,0.9993311219512477,1620.3284429806745,2,7.159314355625457,0.2919460010188487,4
ethereum,Nov-2019,True,3.4453233907510583,0.2500341448325921,0.9993196106295753,1683.649271401205,2,7.163044092174493,0.3052505290520387,4
ethereum,Dec-2019,True,3.4147108060379,0.2478125271288905,0.9993244818202768,1728.9108648832917,2,7.184263118958058,0.31298395173306626,4
ethereum,Jan-2020,True,3.4024590867772027,0.2469233948760805,0.9993444447801231,1750.987067906509,2,7.192755363620611,0.3254622588649644,4
ethereum,Feb-2020,True,3.398060544689541,0.2466041837064263,0.9993555697028873,1730.7325173604786,2,7.195804200667268,0.31847771922942353,4
ethereum,Mar-2020,True,3.4392569632628764,0.2495938918179496,0.9993089066019695,1751.5056625616187,2,7.167249019283997,0.3231562173198546,4
ethereum,Apr-2020,True,3.4516698518640823,0.2504947204584878,0.9993215486620313,1720.9956109660227,2,7.158645060547455,0.32252189213940996,4
ethereum,May-2020,True,3.446416736025304,0.25011349112890396,0.9993331764880592,1704.5235227320827,2,7.162286242980272,0.3225919509728328,4
ethereum,Jun-2020,True,3.5795430682649285,0.2597747405563425,0.9992845690666914,1537.532618387285,2,7.070010101130089,0.2970958343664766,4
ethereum,Jul-2020,True,3.6187373857654217,0.26261915210994025,0.99926369089472,1491.3033747712923,3,7.042842670460656,0.29095803926857167,4
ethereum,Aug-2020,True,3.6885654324151345,0.26768671586208637,0.9992548410000023,1360.109370495104,3,6.994441556801389,0.257922954725973,5
ethereum,Sep-2020,True,3.7431065786431623,0.2716448780746447,0.9992271639835921,1294.1451842641259,3,6.956636515068923,0.23479474118872115,5
ethereum,Oct-2020,True,3.710825571658127,0.26930217956410557,0.9992459042564029,1316.5592017536235,3,6.979012004046235,0.24147643859203854,5
ethereum,Nov-2020,True,3.7465051359430515,0.2718915183088891,0.9992019716829067,1347.1994876805215,3,6.954280814658538,0.2508531462806915,5
ethereum,Dec-2020,True,3.726981360168328,0.27047463808428057,0.9992201675474637,1357.3762984045518,3,6.967813664790673,0.25725530238068095,5
ethereum,Jan-2021,True,3.694538702816035,0.268120208276921,0.9992643159626761,1324.295770606142,3,6.990301201264284,0.2507527733755943,5
ethereum,Feb-2021,True,3.777245763493524,0.2741224283424242,0.9992175521108557,1270.0710085469552,3,6.932973035343284,0.24747693947401672,5
ethereum,Mar-2021,True,3.8532579605728006,0.2796387885031521,0.9991751598497257,1212.7119491956298,3,6.880285395249622,0.23848274834190328,6
ethereum,Apr-2021,True,3.8572186663409016,0.2799262249981758,0.999187093202057,1176.7325655288898,3,6.87754004321341,0.23512583461736003,6
ethereum,May-2021,True,3.9046095218365795,0.28336547603004014,0.9991482673644297,1172.4639616474756,3,6.844691205342272,0.24182869468827706,7
ethereum,Jun-2021,True,3.753053595680697,0.272366753386928,0.999244025432464,1250.7867829029867,3,6.949741768254373,0.22748719540586684,6
ethereum,Jul-2021,True,3.7298629869029107,0.2706837636131764,0.9992581307310281,1272.806897923653,3,6.965816273344165,0.24997598960729106,5
ethereum,Aug-2021,True,3.812845194761847,0.2767059516707702,0.9992216475229477,1172.0512863494728,3,6.908297389930099,0.21873984816604777,6
ethereum,Sep-2021,True,3.824614270346297,0.2775600574876952,0.9992269837601869,1111.0180030503573,3,6.900139688370948,0.2146202423798041,6
ethereum,Oct-2021,True,3.816515659903955,0.2769723248116511,0.9991558861646291,1338.3003520037428,3,6.90575321736551,0.2567136406615799,6
ethereum,Nov-2021,True,3.6487492680494173,0.26479717561328964,0.99923636304598,1493.679279845603,2,7.022040018872193,0.26910646988230835,5
ethereum,Dec-2021,True,3.802690556137769,0.27596900883652964,0.9991729759663325,1366.5172285852595,3,6.915336049062001,0.2984585440628482,6
ethereum,Jan-2022,True,3.8219107863027415,0.27736386013719,0.9991596925042316,1361.5090253433914,3,6.902013600713432,0.3068122336050251,6
ethereum,Feb-2022,True,3.8002296077369557,0.2757904127922436,0.9991708348440035,1381.2928179993007,3,6.917041848507516,0.3111415595752439,6
ethereum,Mar-2022,True,3.8411963592798526,0.2787634534989868,0.9991599392759996,1304.0300906367072,3,6.888645860178852,0.29444235353155185,6
ethereum,Apr-2022,True,3.8883347096041785,0.282184379715609,0.9991417174878643,1234.949991816748,3,6.855972045555309,0.27916553581494397,6
ethereum,May-2022,True,3.8735767783252593,0.2811133665454873,0.9991520614931968,1235.6865160298169,3,6.866201464012184,0.27847622599677796,6
ethereum,Jun-2022,True,3.923105385910051,0.28470775860617364,0.9991152015557351,1215.4489656840528,3,6.831870849307725,0.2790631248214796,6
ethereum,Jul-2022,True,3.915298131286577,0.28414117021609364,0.9991224781689628,1232.3858046745327,3,6.837282425837899,0.28474610155937624,6
ethereum,Aug-2022,True,3.842632402269012,0.278867670067365,0.9991725832718895,1270.571576203261,3,6.887650471029761,0.2873130526916337,6
ethereum,Sep-2022,True,5.351950676666535,0.38840197533237,0.9936339500036744,586.5615876578557,6,5.84147076456405,0.12681458367712287,11
ethereum,Oct-2022,True,4.736127648635008,0.34371044228341735,0.9918610597619866,1053.1310574250858,4,6.268326760166702,0.24364423011920588,6
ethereum,Nov-2022,True,4.3347745279697065,0.31458342780029663,0.9926612296089248,1305.5531978454474,3,6.546523544165296,0.24796744181714891,5
ethereum,Dec-2022,True,4.533022662891404,0.3289706992572722,0.9927203177714988,1116.937688748778,3,6.409108408393769,0.19330858368325254,5
ethereum,Jan-2023,True,4.3607932767352775,0.3164716614606484,0.9930786248093026,1346.3073833958877,3,6.528488721817346,0.22294625728413298,5
ethereum,Feb-2023,True,4.219483819040769,0.3062165459303465,0.9933073420946398,1385.3480442442517,3,6.626436974004135,0.22553847385699416,4
ethereum,Mar-2023,True,4.33113274515676,0.31431913619453744,0.993205553398812,1218.3362686134312,3,6.549047835653899,0.20134584253460966,4
ethereum,Apr-2023,True,5.017137174067736,0.36410387663271604,0.9893063287143163,867.2070155960972,4,6.073545799903561,0.1468084503316264,6
ethereum,May-2023,True,4.628876887762424,0.33592703584052447,0.9908708572833982,1074.8728888735016,4,6.342667322679523,0.1855449838393665,5
ethereum,Jun-2023,True,4.91160918448729,0.35644549521589997,0.9906945111567155,897.0630718884961,4,6.146692228351794,0.17261446980923262,6
ethereum,Jul-2023,True,4.56558554255598,0.3313338538430146,0.9921464573465109,1057.9348772089315,4,6.3865375401627915,0.19474117796165197,5
ethereum,Aug-2023,True,4.285206667256231,0.31098618706000924,0.9931383675190745,1291.1727751706856,3,6.580881367065477,0.2380407247255643,5
litecoin,Jan-2018,True,2.978167117215238,0.2597026122156612,0.997853178620113,1628.5719537164382,3,5.884430314279532,0.2499861365274774,4
litecoin,Feb-2018,True,3.0050672408439296,0.26204836116135094,0.9977416747535843,1637.9271664622777,3,5.865784569429591,0.23883671614662225,4
litecoin,Mar-2018,True,2.9478038852576605,0.25705487273552546,0.997793246877162,1732.4492209032019,3,5.905476502903593,0.27130057018734727,4
litecoin,Apr-2018,True,2.998825523208125,0.2615040698872445,0.9976590656798237,1599.1080282980786,3,5.870110998410679,0.22866416699311656,4
litecoin,May-2018,True,3.142615365066805,0.27404285500944864,0.9975389936401746,1445.7389482026965,3,5.77044347493319,0.19845644983461963,4
litecoin,Jun-2018,True,3.0427807185819504,0.26533705796674023,0.9976685887524334,1544.0539178166496,3,5.839643578666393,0.20400929692039513,4
litecoin,Jul-2018,True,3.040708730659408,0.26515637613970205,0.997698975241647,1522.394647897974,3,5.841079771253045,0.2078984485190409,4
litecoin,Aug-2018,True,3.1182027540135544,0.27191402253900543,0.997575714097569,1466.34576556796,3,5.78736500745487,0.1952243207985934,4
litecoin,Sep-2018,True,3.1088381607530753,0.27109740975793434,0.9975816238589662,1447.974738519917,3,5.7938560488704285,0.18966908797417273,4
litecoin,Oct-2018,True,3.1313406850539125,0.27305967853344826,0.9975530652083285,1414.230510150155,3,5.77825848759585,0.18373698506111363,4
litecoin,Nov-2018,True,3.2538022110320877,0.28373858839334437,0.9973210547775773,1306.1038254126343,4,5.693374626136998,0.1795196717354574,5
litecoin,Dec-2018,True,3.357334661582538,0.2927668419462149,0.9971403752743639,1290.2562036630839,3,5.621611399941504,0.19248246844319775,5
litecoin,Jan-2019,True,3.613597422820339,0.31511350883483646,0.996700168090769,1120.7857386790492,4,5.443983589507025,0.19454545454545455,5
litecoin,Feb-2019,True,3.4669218111296947,0.3023230783434782,0.9969783213269533,1136.4432009489776,4,5.545651376207283,0.19100918547356896,5
litecoin,Mar-2019,True,3.4902831205895066,0.3043602350417781,0.9969641443934761,1142.7615211102202,4,5.5294585504210145,0.1832363972386802,5
litecoin,Apr-2019,True,3.4652299790534635,0.302175546928237,0.9970670901927198,1206.9284640733576,4,5.546824064840904,0.20137812230835486,5
litecoin,May-2019,True,3.4289431052564283,0.29901125307120124,0.9971125360537068,1163.6618555841292,4,5.571976209104653,0.18715393133997785,5
litecoin,Jun-2019,True,3.42016919891426,0.29824614946663014,0.9971379983949484,1181.8434629886217,4,5.578057817548227,0.20164445704564785,5
litecoin,Jul-2019,True,3.3893249070547187,0.29555646052286283,0.9972078283548227,1228.3537488008687,4,5.5994374514870255,0.21404700902305893,5
litecoin,Aug-2019,True,3.24430740077568,0.28291062040866427,0.9974360886667785,1328.475207922333,3,5.699955927096175,0.23223803666608095,5
litecoin,Sep-2019,True,3.307339595877692,0.2884071641140378,0.9973243052318687,1280.0062211649429,3,5.656265338776717,0.23775325509429557,5
litecoin,Oct-2019,True,3.2497256199328786,0.28338310083481216,0.9973840696729738,1320.5999976614878,4,5.696200303763714,0.25209044871039926,5
litecoin,Nov-2019,True,3.2380194514942775,0.2823622976350965,0.9974513607836681,1398.13071117072,3,5.704314401412094,0.2660151361659019,5
litecoin,Dec-2019,True,3.27627847870396,0.2856985675340387,0.9973953243893311,1292.1527497237257,3,5.677795264570738,0.21783857110558444,5
litecoin,Jan-2020,True,3.344904838832548,0.29168293452581184,0.997243273710729,1236.3285043072221,4,5.630227096535515,0.20103725184028554,5
litecoin,Feb-2020,True,3.5110717943140597,0.3061730523412364,0.9968952032660754,1097.4857989536224,4,5.5150489398412805,0.1508726718987935,5
litecoin,Mar-2020,True,3.3452915441637106,0.29171665606684966,0.9972235677428982,1230.557810231809,4,5.629959052825502,0.16315089868808877,5
litecoin,Apr-2020,True,3.2610065987887036,0.28436682658353607,0.9973792436432285,1299.5916658255499,4,5.688380925075845,0.19695511913520855,5
litecoin,May-2020,True,3.3571947829585365,0.29275464422774694,0.9972509531624139,1232.0945820637046,4,5.6217083564153425,0.21697245223791742,5
litecoin,Jun-2020,True,3.402352865853593,0.29669252670005886,0.9971706343573956,1184.2047555407937,4,5.590407158577149,0.20900952930984695,5
litecoin,Jul-2020,True,3.2842695891279665,0.28639540964193183,0.9973778767719035,1266.6693700573833,3,5.672256248910791,0.2216366158113731,5
litecoin,Aug-2020,True,3.5199164320127148,0.30694432387303333,0.9950528679941653,1196.2545378231264,4,5.508918304157371,0.21086514569686018,5
litecoin,Sep-2020,True,3.285014364905882,0.28646035570017064,0.9973465711442747,1217.1239333403691,4,5.6717400096801756,0.20440161924853184,5
litecoin,Oct-2020,True,3.3585148537191665,0.2928697572524202,0.9971837751366046,1144.7923471727424,4,5.6207933530894705,0.19620441430186208,5
litecoin,Nov-2020,True,3.700827514150484,0.32272016141363197,0.9964305772338811,899.4423204880795,5,5.383520297641526,0.1291645310097386,6
litecoin,Dec-2020,True,3.4314835905630727,0.2992327888831499,0.9969687355004231,1055.722910011304,4,5.570215278877103,0.1391084760649978,6
litecoin,Jan-2021,True,3.4134459332195117,0.29765986616054796,0.9970763257806188,1120.8968689714743,4,5.582718030208696,0.17691882937603534,5
litecoin,Feb-2021,True,3.441769273121534,0.3001297226426467,0.9970180194406428,1097.6385941900385,4,5.563085787011571,0.18024844720496894,6
litecoin,Mar-2021,True,3.36400305468043,0.29334834024320194,0.9970886469245918,1126.524880707436,4,5.616989222066834,0.14449631587828338,5
litecoin,Apr-2021,True,3.2394002613887394,0.2824827072435742,0.9972307628884282,1188.8842252496527,4,5.70335729692686,0.14215264636733757,5
litecoin,May-2021,True,3.2306171142698825,0.2817167978232948,0.997328068180085,1203.4211524979114,4,5.709445310588735,0.1605972122748058,5
litecoin,Jun-2021,True,3.193841754827689,0.27850990696176453,0.997478623647643,1277.7219583498127,4,5.734936047300169,0.17720804864288847,5
litecoin,Jul-2021,True,3.085308442320388,0.26904556743305436,0.9977079808982083,1444.660022696194,3,5.810165606861439,0.2027196083763938,4
litecoin,Aug-2021,True,2.7885034338283985,0.24316352892067686,0.9980295788763288,1677.4216326335606,3,6.015895161673731,0.2055564742847693,4
litecoin,Sep-2021,True,2.703153705807616,0.2357208480883065,0.9981491088356489,1755.2752327835478,3,6.075055085012891,0.2252294110814264,4
litecoin,Oct-2021,True,2.737350928375207,0.23870291983974945,0.9981515218807228,1766.2954856597858,3,6.051351376607185,0.23904492825882223,4
litecoin,Nov-2021,True,2.796792789523019,0.24388637866105362,0.9981270660007787,1782.803794391221,3,6.010149418145346,0.2550398499765588,3
litecoin,Dec-2021,True,2.7908271572712855,0.2433661626294087,0.9981649147752896,1831.6596564189751,2,6.01428447932089,0.27094572277881757,3
litecoin,Jan-2022,True,2.7539532530703243,0.24015067845183372,0.9981955448470431,1825.892162388444,2,6.039843522054027,0.2598368388922804,3
litecoin,Feb-2022,True,2.711716652324068,0.23646755553992363,0.998256588620721,1903.0319357554717,2,6.069119702777729,0.27867733730380295,3
litecoin,Mar-2022,True,2.781009548123286,0.24251004588340422,0.9981684742529328,1859.466581687769,2,6.021089527421667,0.27663438256658596,3
litecoin,Apr-2022,True,2.8392805700117068,0.2475914049896216,0.9980914324536938,1765.9537143244463,3,5.980699132891364,0.27733547167649925,4
litecoin,May-2022,True,2.884537241162307,0.25153788457099113,0.9980104414417602,1697.1342383068677,3,5.949329598881788,0.26270947356542346,4
litecoin,Jun-2022,True,2.9618577553477237,0.258280400595608,0.9978939721393975,1592.4981465200271,3,5.895735102474735,0.2434081886591219,4
litecoin,Jul-2022,True,2.9213183899231154,0.2547452802736227,0.9979698541615304,1701.7545100438506,3,5.9238348493204995,0.2901967341024355,4
litecoin,Aug-2022,True,2.842683244174635,0.2478881255341213,0.9980464684132302,1780.1653451926102,3,5.978340578888958,0.30198490355046126,4
litecoin,Sep-2022,True,2.7870050610079757,0.24303286757085288,0.9981104389724398,1812.0797781717656,3,6.016933754569628,0.309837379752634,4
litecoin,Oct-2022,True,2.7770465225134515,0.24216446148110446,0.9981287413382683,1813.9824418765654,3,6.0238364874496115,0.306861817574712,4
litecoin,Nov-2022,True,2.796769052258404,0.2438843087202529,0.9980971415173399,1790.8649451262074,3,6.010165871563383,0.305153346254703,4
litecoin,Dec-2022,True,2.7878768184603193,0.24310888670567019,0.998111346894787,1799.3680906026561,3,6.016329498349406,0.304721744437663,4
litecoin,Jan-2023,True,3.039570245083736,0.2650570977357929,0.997819940853639,1610.9717560207378,3,5.841868909319917,0.29270590843587185,4
litecoin,Feb-2023,True,2.8340938150260206,0.24713910873971712,0.9980899696685431,1983.4305394206795,2,5.984294317485941,0.35293391744308017,3
litecoin,Mar-2023,True,2.835403678501632,0.2472533316670659,0.9980904469853646,1943.7420299034743,2,5.983386389310923,0.34810659186535764,4
litecoin,Apr-2023,True,2.809015398643452,0.244952216604908,0.9981001758242045,1994.4862348935428,2,6.00167735109444,0.3593542040391181,3
litecoin,May-2023,True,2.8180483252488226,0.24573990733650156,0.9980172119191039,2087.6788875065854,2,5.9954162034857,0.3657719993303945,3
litecoin,Jun-2023,True,3.03515273424041,0.26467188123841395,0.9976591481413484,1907.3023145951508,2,5.8449308945060565,0.3489859414611662,4
litecoin,Jul-2023,True,3.013249204104997,0.26276184604931074,0.9976857215251737,1894.8515384352008,2,5.860113264663746,0.34550955235587427,4
litecoin,Aug-2023,True,3.3577616702560644,0.29280407802585345,0.9893202536113659,1842.8033005370662,2,5.621315420083361,0.34297130403196513,3
tezos,Jun-2018,True,3.0143282983872686,0.2974345269423706,0.9934239017868911,1266.3419277175888,4,4.935275869144443,0.15343915343915343,5
tezos,Jul-2018,True,3.475811836704223,0.3429707540296565,0.9913669051430699,1046.947914016746,5,4.615399855685223,0.11767626613704071,6
tezos,Aug-2018,True,4.951643015005559,0.4885962814812331,0.9751953918462257,532.8065147189589,8,3.5924316354631753,0.10608166395092496,10
tezos,Sep-2018,True,5.439106229360553,0.5366960158867579,0.9660882706538472,412.1792277206178,9,3.254547882806344,0.09422056503656963,13
tezos,Oct-2018,True,5.636411693049466,0.5561648498843204,0.9615141391095288,365.0494819859263,10,3.117786156941277,0.08632015673619915,15
tezos,Nov-2018,True,5.793754011173769,0.5716903777388532,0.9578939017721882,328.84768001827314,10,3.0087247727506967,0.0780352644836272,17
tezos,Dec-2018,True,5.825564254113231,0.5748292078940432,0.9575956769933237,323.53748404835534,10,2.9866755925442545,0.08439121183867651,19
tezos,Jan-2019,True,5.956589837657647,0.5877579696615429,0.9534697053986888,300.35262762912186,11,2.8958555787292286,0.08204341560916655,21
tezos,Feb-2019,True,6.042988269167239,0.5962832111285613,0.9511509854251798,279.5535675365043,12,2.835968749523545,0.0792497249161954,22
tezos,Mar-2019,True,6.064816999486358,0.5984371298240443,0.9507362429741669,274.14238012781794,12,2.820838226647654,0.07878311526191686,23
tezos,Apr-2019,True,6.09976885701348,0.6018859542984384,0.9501242986059073,257.4073505229467,13,2.7966114451473656,0.07199577765515917,24
tezos,May-2019,True,6.124735082807399,0.6043494608655644,0.949218076984773,255.3677919955706,13,2.7793061761291202,0.07215729920237433,24
tezos,Jun-2019,True,6.163725969007122,0.6081968307084853,0.9488593207902839,240.3815531168895,13,2.7522797532922527,0.06369811685643145,25
tezos,Jul-2019,True,6.217731796790788,0.6135257784039171,0.9474008118785742,222.14905491087876,15,2.7148457660301553,0.04109685275384039,26
tezos,Aug-2019,True,6.2646123017918285,0.6181516450805046,0.9453809852794083,221.28579926478494,15,2.682350676165455,0.051029584707265895,27
tezos,Sep-2019,True,6.281296016975638,0.6197978867775329,0.9446475785183865,220.82594452257456,15,2.670786406024557,0.05138509095232434,27
tezos,Oct-2019,True,6.262285865220127,0.6179220872843163,0.9451513343582918,225.57485859910489,15,2.6839632391159105,0.05660983501227655,27
tezos,Nov-2019,True,6.191767597425183,0.610963798224161,0.9478164356924512,236.34826642205525,14,2.732842777615941,0.056413188488660185,25
tezos,Dec-2019,True,6.267169268458918,0.6184039501036303,0.9451260291570786,224.83129765869245,15,2.6805783219294024,0.05444781800879141,27
tezos,Jan-2020,True,6.259247516657469,0.6176222825922051,0.9456745329895184,224.90805015249393,15,2.6860692618556663,0.05762190988385231,27
tezos,Feb-2020,True,6.2205140955471085,0.6138003177481689,0.9465197796285043,237.15321687528998,14,2.712917223491745,0.06933714368748638,26
tezos,Mar-2020,True,6.060115294948229,0.5979731958637423,0.9510279764631268,276.900058145406,13,2.8240971998920763,0.08791712504583792,22
tezos,Apr-2020,True,6.017544748541443,0.593772608177605,0.9521307580667607,294.8636989412874,13,2.8536048541088346,0.10067504655493482,22
tezos,May-2020,True,5.928444577931326,0.5849807764749722,0.9539436310586931,322.42277931019385,12,2.9153643861546374,0.11041633864909242,20
tezos,Jun-2020,True,5.95452776416424,0.5875544975134162,0.9534584914533032,314.7757002805895,12,2.8972848991572913,0.10705726318728623,21
tezos,Jul-2020,True,5.9525381674211,0.5873581769048021,0.9539649903164603,310.7822206041501,12,2.898663982530226,0.10487826830475676,21
tezos,Aug-2020,True,5.914134893178377,0.5835687888300083,0.9545733357460241,324.22620830540455,12,2.9252831037958424,0.10707344632768362,20
tezos,Sep-2020,True,5.831227312999579,0.5753880021175554,0.9570519809313923,341.4940328730164,11,2.9827502592438555,0.11007951356407858,19
tezos,Oct-2020,True,5.797104633275729,0.5720209955751361,0.9580008793497625,358.26461423211794,11,3.0064022984875676,0.12145192199301093,19
tezos,Nov-2020,True,5.764729621733439,0.5688264376870698,0.9589271703464048,364.2836150298904,11,3.028842946458715,0.1205916881897159,18
tezos,Dec-2020,True,5.777101479751613,0.5700472130548365,0.9580405584876212,369.9318315769229,11,3.0202674279551283,0.11959735481978016,18
tezos,Jan-2021,True,5.8740295819908015,0.5796114546977789,0.954769337667054,363.14891906426175,11,2.953081987170993,0.1261988658903694,20
tezos,Feb-2021,True,5.831586449580426,0.5754234394052221,0.9567821959596043,355.18126854116724,11,2.982501324735383,0.119039154943883,19
tezos,Mar-2021,True,5.786333578035398,0.5709581771283889,0.9581406678064721,359.35283027384315,11,3.013868225059067,0.11011783827712313,18
tezos,Apr-2021,True,5.669151732202312,0.5593954263489714,0.9610988304733777,381.46876315829644,11,3.0950924911110853,0.11150910708432832,17
tezos,May-2021,True,5.640782680356575,0.5565961507955903,0.961421085228856,396.1675973002879,10,3.1147564194131077,0.1147791219556649,16
tezos,Jun-2021,True,5.907450418687975,0.5829092078849019,0.9544594540412253,360.46462482261404,13,2.929916428442393,0.12379201433083487,24
tezos,Jul-2021,True,5.928958426525765,0.5850314797489615,0.9537311063790122,362.12782007408896,14,2.915008213450174,0.1306878551300411,25
tezos,Aug-2021,True,5.562170016957297,0.5488391588440653,0.9607927217489999,518.4650906239574,8,3.1692465654046167,0.15313236449332285,19
tezos,Sep-2021,True,5.797040138282542,0.5720146316240697,0.9572248919351307,400.4397711245984,12,3.006447003010247,0.13533166938657962,23
tezos,Oct-2021,True,5.8090202251029615,0.5731967495300944,0.9567778647473131,394.2810595132149,12,2.9981430396078275,0.13048248146522853,22
tezos,Nov-2021,True,5.745127231645988,0.566892199924806,0.9584036808899088,411.8189092912721,11,3.0424302878800478,0.1358522351242404,21
tezos,Dec-2021,True,5.661829496894719,0.5586729152687948,0.9607956388895236,428.3346466714405,10,3.100167877869919,0.13746911171803874,20
tezos,Jan-2022,True,5.714313648490115,0.5638517137460874,0.9599763495540863,402.8652669689268,11,3.0637886361674957,0.1311397400185701,21
tezos,Feb-2022,True,5.762066557374666,0.5685636636261977,0.9593590516190177,375.6023981866531,11,3.0306888420106293,0.12052092456494422,21
tezos,Mar-2022,True,5.687322616366962,0.5611884123148759,0.9604895205687651,416.408827393932,10,3.082497393984077,0.13694412904283088,21
tezos,Apr-2022,True,5.68163705623229,0.5606273978129177,0.9609307801825204,417.9625519592254,11,3.086438323961313,0.14124777097691454,20
tezos,May-2022,True,5.6789025001232964,0.5603575694060016,0.9609936773227,414.9000057956393,10,3.0883337738183485,0.13772866902021916,20
tezos,Jun-2022,True,5.721759874033733,0.5645864593851929,0.9600055159598369,399.01732436302126,11,3.0586273059261306,0.13610516661571384,21
tezos,Jul-2022,True,5.715869023603409,0.564005188157381,0.9603998601528364,395.4804470193311,11,3.062710532293009,0.1357740561082982,21
tezos,Aug-2022,True,5.773776848054227,0.5697191597844948,0.9586056457476385,385.2554687345057,12,3.022571887042548,0.1328534995749504,22
tezos,Sep-2022,True,5.734526412287842,0.5658461792598776,0.9595361830645941,393.8304039905871,11,3.0497782159297824,0.1327653782064822,21
tezos,Oct-2022,True,5.713781128720334,0.5637991681206169,0.9601620409084758,395.3618478566782,11,3.064157750744512,0.13048911520134543,20
tezos,Nov-2022,True,5.720311391440878,0.5644435324402346,0.9596149064959593,398.9996744118138,11,3.0596313175514465,0.1319421024942332,21
tezos,Dec-2022,True,5.708747350267246,0.5633024672424386,0.9598775787328714,421.9661703591543,11,3.0676469000868325,0.15014102367885956,21
zcash,Jan-2018,True,1.8952704453207219,0.217320134115076,0.9928029134267677,4207.493663574328,1,4.731303948463361,0.6201284072989413,2
zcash,Feb-2018,True,2.107265173015748,0.24162839195137434,0.9917298415903113,3728.7406779398393,1,4.584360400667981,0.5800386028267231,2
zcash,Mar-2018,True,2.3063696739330037,0.26445859908570823,0.9905146503878052,3378.707025870617,1,4.446351677220391,0.5480108193395695,2
zcash,Apr-2018,True,2.3249814754431433,0.26659271098002535,0.9902966028321313,3397.2638632935755,1,4.433450959478496,0.5517221317198046,2
zcash,May-2018,True,2.2695128290280846,0.260232429412894,0.9906247622657525,3506.9189897444007,1,4.47189889535057,0.5620951844550831,2
zcash,Jun-2018,True,3.2986882581625174,0.37824225900720687,0.9808858326855331,1871.5218350577077,3,3.758528848344466,0.3869037243623264,4
zcash,Jul-2018,True,3.5082242965405195,0.4022685925970515,0.9794023196765962,1308.8024919852874,3,3.613289534117053,0.2622987729370708,6
zcash,Aug-2018,True,3.6890237410183464,0.4229998605904189,0.9768709394636146,1065.3042619180917,4,3.487968908930444,0.1905940594059406,6
zcash,Sep-2018,True,3.503857556901173,0.4017678828189767,0.9786160080462472,1259.6213302966744,3,3.6163163273862815,0.1831223138575909,4
zcash,Oct-2018,True,3.3796224857901493,0.38752253731575226,0.9806605526897214,1361.4603818400888,3,3.7024295166535826,0.20816923596264206,4
zcash,Nov-2018,True,3.2589899231976025,0.3736902714531242,0.982843877438554,1407.1131016765821,3,3.7860456372983218,0.20436046511627906,4
zcash,Dec-2018,True,3.312010279321167,0.37976982117229496,0.9823195522896304,1363.656300753823,3,3.749294726938987,0.21037528835874642,4
zcash,Jan-2019,True,3.215364137429111,0.3686879449316025,0.9831146969568878,1553.5345047981154,3,3.816284727703463,0.2559225704799955,4
zcash,Feb-2019,True,3.0378155444256127,0.34832943401896393,0.9850112982686817,1724.693597582339,3,3.9393520343562214,0.3151367856920297,4
zcash,Mar-2019,True,2.9052664190676274,0.3331307620981559,0.986314805866409,1950.2737782081683,2,4.0312280868837975,0.35387125815890164,4
zcash,Apr-2019,True,2.877849512963476,0.32998701777064576,0.986559768023834,2003.8402012590773,2,4.050232038049568,0.35674043096939073,3
zcash,May-2019,True,2.9567954438094994,0.3390393091318367,0.9859027353984754,1894.8112737169583,2,3.9955108886669675,0.33094983390574856,3
zcash,Jun-2019,True,2.9896375272626496,0.3428051284101769,0.9858584669926171,1721.8963433124752,3,3.9727464911176993,0.28423562249229517,4
zcash,Jul-2019,True,3.076794483325389,0.352798932422359,0.9850110349844742,1617.3870197888584,3,3.9123338927566245,0.27847175331982893,4
zcash,Aug-2019,True,3.135371973636567,0.35951568785004967,0.9842531121216579,1586.604417704816,3,3.8717310705031545,0.2768218623481781,4
zcash,Sep-2019,True,3.2932842481218736,0.3776226111940457,0.9825051825728873,1459.3331855132792,3,3.7622746226678565,0.2686202686202686,4
zcash,Oct-2019,True,3.0066287629138664,0.34475341901937195,0.9856409817200833,1743.384767459763,3,3.960969064031829,0.30749310364240273,4
zcash,Nov-2019,True,2.9618577983080265,0.33961978120181185,0.9860603456231036,1797.7530135811205,3,3.9920019319193143,0.3181633246149375,4
zcash,Dec-2019,True,2.9741412880600633,0.3410282607393388,0.9859960903509375,1810.0868687561112,2,3.9834876656302542,0.3322288642186166,4
zcash,Jan-2020,True,2.8832534058285684,0.33060665214793733,0.9868207199866906,1818.70690444382,2,4.04648634494608,0.32462308730873085,4
zcash,Feb-2020,True,3.3439793079107742,0.38343553209907855,0.9819603266612341,1266.9861376968197,3,3.7271354849068623,0.20731560582360728,5
zcash,Mar-2020,True,3.1632631504002955,0.36271381415961446,0.983936678368798,1467.0918870614457,3,3.852398379966877,0.261758748734106,4
zcash,Apr-2020,True,3.2752914076054584,0.3755594721186739,0.9826883545626016,1408.1553943860793,3,3.774746309342074,0.2577250661317985,5
zcash,May-2020,True,3.1126661578651262,0.356912138081823,0.9844583956456463,1588.1646328196175,3,3.887469542687443,0.28707299228994315,4
zcash,Jun-2020,True,3.0425741606150236,0.3488750781042385,0.9851517141615409,1635.2947799609212,3,3.9360536129611665,0.2899633657033203,4
zcash,Jul-2020,True,3.341193101102252,0.3831160532411692,0.9819054973502528,1274.9142838600358,3,3.7290667363006453,0.20790769663711833,5
zcash,Aug-2020,True,2.9992575678586646,0.3439082050279124,0.9856430925007472,1685.9611204568828,2,3.9660783871016982,0.2570841657990264,4
zcash,Sep-2020,True,3.201517357585121,0.36710021160299644,0.9835410045122827,1447.2433062569523,3,3.82588258411216,0.2725951335794645,4
zcash,Oct-2020,True,3.037651041977329,0.34831057143699756,0.9853216885333452,1636.5044919766945,3,3.939466058764446,0.27763705955195317,4
zcash,Nov-2020,True,3.051628211569155,0.349913255833699,0.9853345426964719,1588.7645131719178,3,3.9297778230696605,0.26494533612468013,4
zcash,Dec-2020,True,2.9869284729555616,0.3424944962010402,0.9857134204893125,1562.7694593500376,3,3.9746242644726415,0.23197095085289646,4
zcash,Jan-2021,True,2.997233871402934,0.3436761589965645,0.9855770033044927,1535.1257405572662,3,3.967481106594298,0.23044421283907496,4
zcash,Feb-2021,True,2.8668855754630806,0.32872984395996463,0.986610082129792,1663.170708045821,3,4.057831660415801,0.26154565285135556,4
zcash,Mar-2021,True,3.0617702349905453,0.3510761853225096,0.9851264879215291,1521.4247254290106,3,3.922747908129955,0.2407600281491907,4
zcash,Apr-2021,True,3.237505050172545,0.3712267204075315,0.983293183877155,1394.64930450592,3,3.8009378164603285,0.22281059063136457,4
zcash,May-2021,True,2.944586659049949,0.33763939560082684,0.9860433583529887,1592.274030925711,3,4.00397337340111,0.23749823918861812,4
zcash,Jun-2021,True,3.071547829299125,0.35219732774928547,0.984843557208434,1485.7273189159048,3,3.9159705962023037,0.21581980094290204,4
zcash,Jul-2021,True,3.11057737780213,0.35667262927475646,0.984371557896588,1424.3618580907005,3,3.888917374698918,0.2184746192178834,4
zcash,Aug-2021,True,3.263361453988688,0.37419153060595517,0.9823846140601962,1326.973653125005,3,3.783015523055749,0.2565265144047988,5
zcash,Sep-2021,True,3.205016691808906,0.36750146082033314,0.9833887263236708,1422.9634637804022,3,3.8234570304611064,0.27531590287078556,5
zcash,Oct-2021,True,3.3027866506515937,0.3787121989081752,0.9823942346787955,1284.2223837102442,3,3.755688059145834,0.21526683179464084,5
zcash,Nov-2021,True,3.357293789806202,0.38496222977873207,0.9815900841553982,1229.5091574236837,3,3.7179065893204295,0.20621707366766598,5
zcash,Dec-2021,True,3.3620652758917635,0.3855093495835085,0.9815394220685051,1214.413977824349,4,3.71459924719314,0.2025722567753919,5
zcash,Jan-2022,True,3.1219162829456737,0.3579727985422068,0.9843605896862916,1426.4266711759215,3,3.881057844568034,0.2064724919093851,4
zcash,Feb-2022,True,3.0775678700425577,0.3528876123812075,0.9848635012895184,1506.1562809868892,3,3.9117978219341367,0.23339670271449497,4
zcash,Mar-2022,True,2.8812389671423095,0.3303756676535897,0.9869036085961023,1873.3100826177047,2,4.047882647441872,0.3421882035119316,4
zcash,Apr-2022,True,2.7926106009344855,0.3202131452134611,0.9875094644065946,1993.45006852782,2,4.10931514959646,0.3655585609167321,4
zcash,May-2022,True,2.7917961986321367,0.32011976222529337,0.9870203955560275,2075.404108823108,2,4.109879650256174,0.3891766075065464,4