ledger,date,entropy,hhi,max_power_ratio,total_entities,theil_index
bitcoin,2010-03-29,1.2855358373580605,5838.400000000001,0.752,6,0.9006939280545474
bitcoin,2010-12-13,2.7938136530382516,2374.719999999999,0.412,20,1.0592082169406465
bitcoin,2011-05-13,3.249861511843206,1757.4400000000023,0.324,35,1.3027157173450128
bitcoin,2011-06-26,2.3680173506074014,3439.039999999999,0.556,19,1.3030544290758896
bitcoin,2011-08-03,3.1626389282300535,2024.320000000002,0.392,30,1.2090231254303696
bitcoin,2011-10-04,3.268997508861127,1762.5600000000015,0.332,29,1.1013994234618996
bitcoin,2011-12-20,2.4704924463942253,2940.7999999999984,0.5,19,1.2320241053536425
bitcoin,2012-03-10,2.784451904145549,1961.920000000001,0.268,19,1.0144039924031834
bitcoin,2012-04-19,2.959111259241189,1641.920000000001,0.248,18,0.839272131589946
bitcoin,2012-05-13,2.8486556970388848,1798.0800000000002,0.304,14,0.6645196648267305
bitcoin,2012-06-05,3.5858013554079577,1069.1200000000006,0.148,23,0.650006116380094
bitcoin,2012-08-03,3.207109623535258,1354.8800000000003,0.24,16,0.5495897289396494
bitcoin,2012-09-16,2.9802118723133213,1773.440000000001,0.316,20,0.9300068167887373
bitcoin,2012-11-18,3.0994258525115206,1809.6000000000013,0.336,25,1.0705175338452368
bitcoin,2013-01-27,3.1366852368249845,1808.0000000000018,0.352,25,1.04469129665896
bitcoin,2013-04-14,3.008541841151275,1632.0000000000007,0.224,20,0.9103699787633592
bitcoin,2013-06-04,3.8392735081959977,1041.280000000002,0.18,33,0.835325953861935
bitcoin,2013-08-31,3.4294593864851524,1373.7600000000014,0.284,25,0.8417557202811787
bitcoin,2013-10-20,2.817522538383805,2064.639999999998,0.324,23,1.1825364122843154
bitcoin,2013-11-30,2.596189899745825,3415.6799999999976,0.56,29,1.5677541207794485
bitcoin,2014-01-07,2.406288291724749,3907.1999999999985,0.612,24,1.5101418853245308
bitcoin,2014-02-23,3.100579376586398,2791.039999999996,0.504,40,1.5397216011307662
bitcoin,2014-04-13,2.8786069883749708,3561.919999999996,0.588,41,1.71827374877204
bitcoin,2014-05-25,3.151752594234557,2456.319999999998,0.472,31,1.249358779968973
bitcoin,2014-06-14,3.3445512054385467,1954.2400000000011,0.404,30,1.0829311433740618
bitcoin,2014-07-24,3.0071594715488263,2702.3999999999974,0.496,33,1.4121034522682767
bitcoin,2014-08-25,3.19817026156383,1909.1200000000013,0.38,27,1.0790341662507
bitcoin,2014-09-18,3.3565224007667065,1667.8400000000015,0.324,29,1.0407317914087337
bitcoin,2014-10-15,3.4822180526322986,1588.480000000002,0.332,31,1.020297579208128
bitcoin,2014-11-11,3.440015956931508,1479.3600000000008,0.292,27,0.9113995043760329
bitcoin,2014-12-14,3.435535422122827,2007.3600000000015,0.42,33,1.1151758699082215
bitcoin,2015-01-22,3.179318231545823,2297.279999999997,0.444,35,1.3516125931905945
bitcoin,2015-03-13,3.451573233470943,1972.4800000000018,0.408,36,1.1910706831795543
bitcoin,2015-04-30,3.3359076143226316,2076.4799999999973,0.42,32,1.1534609453235432
bitcoin,2015-06-14,2.9863854234019853,2851.839999999997,0.504,38,1.5675815234299844
bitcoin,2015-07-27,3.4459212896263853,2271.679999999997,0.456,39,1.2750310197936279
bitcoin,2015-09-08,3.5753840080580868,1873.920000000002,0.4,38,1.1593188151218092
bitcoin,2015-10-22,3.3985805682662593,1931.5200000000013,0.404,31,1.0782706656855738
bitcoin,2015-11-07,3.589958125975088,1276.8000000000009,0.284,26,0.7697271846735865
bitcoin,2015-12-14,3.335129971804846,2004.160000000002,0.396,35,1.2436121247319143
bitcoin,2016-02-06,3.501885822895378,2203.199999999995,0.444,46,1.4013191117063224
bitcoin,2016-03-27,3.305905837900347,2153.599999999998,0.432,31,1.14250789374786
bitcoin,2016-04-12,3.396966120654478,1868.160000000002,0.384,33,1.1419100724771747
bitcoin,2016-05-19,3.461440863186692,1541.4400000000014,0.288,29,0.9680078549936356
bitcoin,2016-06-13,3.459216047608991,1735.3600000000017,0.368,34,1.1286146742682721
bitcoin,2016-08-07,3.6817009338019906,1471.680000000002,0.324,38,1.0856255377966217
bitcoin,2016-08-28,3.520524139053758,1733.440000000002,0.352,38,1.1973447786480476
bitcoin,2016-09-17,3.5548961152331597,1878.080000000002,0.4,37,1.1468516931868589
bitcoin,2016-11-04,3.668607438091042,1534.7200000000014,0.344,35,1.0124631591953646
bitcoin,2016-12-01,3.6312007575311536,1228.800000000001,0.244,29,0.8503392628566178
bitcoin,2016-12-20,3.8064244739058597,965.76,0.18,27,0.6574244739021102
bitcoin,2017-01-20,3.673906319683792,1352.960000000001,0.304,30,0.8546395745319705
bitcoin,2017-02-15,3.4976391493000674,1790.080000000001,0.388,31,1.0096084895317212
bitcoin,2017-03-12,3.6254977558956507,1303.0400000000016,0.26,33,0.9835040138410015
bitcoin,2017-04-02,3.711849682630969,1491.2000000000019,0.336,35,0.9824899193114299
bitcoin,2017-04-18,3.924390000368625,1002.8799999999997,0.228,30,0.6810175174890005
bitcoin,2017-05-16,3.6002459793924246,1288.3200000000008,0.228,27,0.800336516066192
bitcoin,2017-06-13,3.9117942554553973,994.2399999999994,0.212,35,0.8438989023899149
bitcoin,2017-07-16,3.804803783139279,1326.720000000001,0.316,32,0.8284468879329239
bitcoin,2017-08-20,3.910492221098114,1284.1600000000021,0.292,41,1.0030254090485535
bitcoin,2017-09-09,4.106757058667004,1048.6400000000021,0.22,42,0.8910825418236838
bitcoin,2017-10-03,3.779737067645455,1054.7200000000014,0.216,28,0.7122904184788428
bitcoin,2017-11-02,3.848956218879435,1411.2000000000014,0.332,37,0.9430247614292789
bitcoin,2017-12-29,4.057840447368621,1063.0400000000018,0.256,39,0.8508809808739809
bitcoin,2018-01-22,3.753078627578612,1470.4000000000015,0.324,36,0.9820830693302077
bitcoin,2018-02-06,4.024247833693889,1317.1200000000024,0.32,44,0.9947935941188762
bitcoin,2018-02-18,3.740891490206551,1202.5600000000013,0.248,33,0.903519172249117
bitcoin,2018-03-30,3.947049158874251,1148.8000000000018,0.26,38,0.9017001637211975
bitcoin,2018-04-16,4.121930009337376,999.6799999999997,0.22,42,0.8805654538457398
bitcoin,2018-05-30,3.5987645371495485,1496.6400000000012,0.312,32,0.9712624103754017
bitcoin,2018-06-26,4.0306082507734935,1009.5999999999995,0.22,38,0.8437814147610877
bitcoin,2018-07-17,3.881686514978699,1398.0800000000017,0.308,41,1.0229920030292652
bitcoin,2018-08-03,3.717211756530185,1281.2800000000013,0.232,33,0.9199327128833006
bitcoin,2018-09-04,3.5244637299619965,1782.4000000000024,0.344,40,1.2459073567049919
bitcoin,2018-10-04,4.146942901936777,883.8399999999995,0.172,39,0.7891198657090924
bitcoin,2018-11-08,4.175273425214842,1118.4000000000024,0.24,47,0.9560685989555271
bitcoin,2018-12-09,3.6729186888397245,1567.0400000000013,0.32,37,1.0650446790490407
bitcoin,2018-12-19,3.989006812666471,1006.0799999999997,0.22,33,0.7315387360323019
bitcoin,2018-12-27,3.8585023851881672,1221.7600000000011,0.284,35,0.880838012012412
bitcoin,2019-02-18,3.824324981064839,1528.960000000002,0.34,43,1.1103800375235038
bitcoin,2019-03-24,3.5592286769669976,1840.6400000000015,0.4,33,1.0294382390587018
bitcoin,2019-04-08,3.885253491468548,1410.2400000000016,0.336,36,0.8904664350840038
bitcoin,2019-06-05,3.826949633789418,1308.160000000002,0.284,39,1.010922297323597
bitcoin,2019-07-09,3.934130028712361,959.6799999999998,0.196,31,0.7070560671269576
bitcoin,2019-07-28,4.032886383688817,1178.560000000002,0.232,41,0.9181882403318119
bitcoin,2019-08-19,4.256284966817563,955.1999999999992,0.188,46,0.8784094720798238
bitcoin,2019-09-20,3.869687298755933,1275.8400000000026,0.228,42,1.0554067775020652
bitcoin,2019-10-10,4.1768991983419275,908.7999999999992,0.172,45,0.911456586956518
bitcoin,2019-10-25,3.94410984174953,1039.0400000000016,0.22,35,0.8214994448619963
bitcoin,2019-11-19,3.695285423332485,1218.2400000000016,0.252,32,0.9043592302525516
bitcoin,2019-12-07,4.006787621334755,987.5199999999996,0.192,37,0.8336243698135499
bitcoin,2019-12-30,4.050690278130727,905.9199999999994,0.168,35,0.7476235158815209
bitcoin,2020-02-11,3.712100721181599,1308.4800000000012,0.292,32,0.8927037539581631
bitcoin,2020-02-28,3.8713806672177333,1059.5200000000011,0.244,30,0.7177607873059039
bitcoin,2020-03-23,3.079373857748441,2276.7999999999993,0.448,22,0.9565831459699815
bitcoin,2020-02-28,3.337099260292707,1725.4400000000007,0.348,26,0.9449955945009141
bitcoin,2020-03-22,3.9476407205754884,1123.2000000000014,0.252,36,0.8472229031255822
bitcoin,2020-05-10,3.769001021087629,1484.160000000001,0.348,32,0.8532634715052835
bitcoin,2020-06-01,3.5127432535310144,1718.4000000000012,0.368,34,1.0915124424001692
bitcoin,2020-05-28,3.7886267188653755,1418.8800000000012,0.336,33,0.8704316330908688
bitcoin,2020-06-20,3.979663038284271,1004.1599999999996,0.24,33,0.7380153469011134
bitcoin,2020-06-24,4.46474532944596,680.0,0.164,41,0.618846429680659
bitcoin,2020-07-14,3.985987893072097,946.8799999999995,0.196,34,0.763484254787163
bitcoin,2020-08-01,4.536085807629561,719.3599999999993,0.192,45,0.6624874014339083
bitcoin,2020-09-10,3.7933657704265453,1039.3600000000013,0.184,29,0.7379350413827106
bitcoin,2020-10-03,3.8680436781899394,1252.800000000001,0.292,34,0.8452369547960872
bitcoin,2020-11-04,3.699394743656176,1253.1200000000013,0.272,30,0.8369723453185962
bitcoin,2020-11-19,3.74294365574168,1296.320000000001,0.288,32,0.8713250608276483
bitcoin,2020-11-24,3.393702819937729,1595.5200000000011,0.332,26,0.9057609967233105
bitcoin,2020-12-12,4.132198518994051,862.3999999999995,0.188,36,0.7192971855014035
bitcoin,2021-01-03,3.956628557673048,1096.6400000000015,0.256,35,0.8128221322153787
bitcoin,2020-12-15,3.7534584753106905,975.9999999999998,0.176,27,0.6941377064938943
bitcoin,2021-02-02,3.6507276410030047,1099.2000000000012,0.196,26,0.7276049666679908
bitcoin,2021-03-02,3.516464113063049,1375.680000000001,0.28,26,0.820669352511602
bitcoin,2021-03-27,3.935124979734638,1015.9999999999998,0.228,32,0.7381151179456514
bitcoin,2021-03-25,3.3536624605266563,1727.360000000001,0.356,26,0.9335148589577033
bitcoin,2021-04-18,3.9180458323957357,1022.0799999999999,0.228,32,0.7499534807699803
bitcoin,2021-04-29,3.9144974733377547,1033.6000000000015,0.204,34,0.813037637663069
bitcoin,2021-04-17,3.7808975305745762,1126.7200000000007,0.264,27,0.675118402700503
bitcoin,2021-06-14,4.079957540201038,826.2399999999997,0.164,31,0.6059761386905075
bitcoin,2021-07-13,3.841636177102238,1177.2800000000013,0.26,34,0.8635412397206599
bitcoin,2021-07-22,3.7495763961167046,1278.0800000000017,0.268,33,0.8974992542040671
bitcoin,2021-07-19,3.8033697032151035,1128.6400000000012,0.232,30,0.7649023952514905
bitcoin,2021-08-27,3.9681765353691114,912.6399999999998,0.196,31,0.6834568270299157
bitcoin,2021-09-10,4.010181486726849,1084.4800000000018,0.232,39,0.8839156550712417
bitcoin,2021-10-14,3.587814319420401,1322.5600000000015,0.276,31,0.9471038246062979
bitcoin,2021-10-13,3.5292390767578468,1353.2800000000018,0.26,30,0.9549152660854701
bitcoin,2021-09-13,3.6292537467410306,1374.7200000000014,0.304,30,0.8855903795719927
bitcoin,2021-11-28,3.5165518972612864,1616.6400000000012,0.332,31,0.9964991716057613
bitcoin,2021-12-20,3.7691119574194114,1154.560000000001,0.26,29,0.7547465034864321
bitcoin,2022-01-08,3.511669174136619,1516.4800000000016,0.288,32,1.0316323156876595
bitcoin,2022-02-01,3.5534776787592395,1293.4400000000012,0.232,28,0.8691214759605389
bitcoin,2022-01-30,3.51440520841538,1643.2000000000012,0.316,32,1.0297358412414206
bitcoin,2022-03-18,3.6668253522779213,1389.4400000000023,0.252,39,1.1219119915924782
bitcoin,2022-02-28,4.3956771653614,675.5199999999994,0.14,39,0.6167104123076598
bitcoin,2022-03-21,3.8068898242208165,1246.0800000000017,0.276,36,0.9447839900951064
bitcoin,2022-03-02,4.115212129230746,869.1199999999998,0.18,35,0.7029003767070345
bitcoin,2022-05-12,3.8192439393989517,1035.5200000000013,0.168,31,0.7866890360201058
bitcoin,2022-05-05,3.9867754171731673,1126.720000000001,0.272,36,0.8200967985168308
bitcoin,2022-06-17,3.5482331210747766,1508.4800000000012,0.26,30,0.9417495978197601
bitcoin,2022-07-09,3.9370511623340523,998.0799999999999,0.188,30,0.6722414687700519
bitcoin,2022-07-30,3.8229372823949626,1086.4000000000005,0.208,28,0.6823463114256373
bitcoin,2022-08-21,3.795180707779822,1247.0400000000016,0.232,33,0.8658887541534
bitcoin,2022-10-03,4.05011908925612,975.0399999999996,0.216,38,0.8302575320764956
bitcoin,2022-11-15,4.04380665566141,935.0399999999998,0.2,33,0.6935543793652327
bitcoin,2022-12-12,3.6128566912514692,1605.4400000000012,0.348,34,1.0221190953080739
bitcoin,2022-11-26,3.8213348850089397,1163.520000000001,0.22,31,0.7852397029658381
bitcoin,2023-01-22,4.011641252407937,1146.8800000000012,0.264,37,0.8302600891196965
bitcoin,2023-01-31,3.8595927393696337,1149.760000000001,0.272,31,0.7587213790814495
bitcoin,2023-03-09,3.5539588040280043,1534.4000000000012,0.328,33,1.033091036628274
bitcoin,2023-04-27,3.2872483245253346,1761.920000000001,0.356,27,1.0172899580591908
bitcoin,2023-03-26,3.9380786073898055,1098.5600000000013,0.212,34,0.7966924410804829
bitcoin,2023-06-13,3.753400958404014,1217.9200000000003,0.272,26,0.6564372461927447
bitcoin,2023-07-20,3.5014431280116325,1523.200000000001,0.32,26,0.8310811059492242
bitcoin,2023-07-07,3.635129238622563,1221.4400000000005,0.264,25,0.6991962421459514
bitcoin,2023-06-28,4.0765143624206415,935.6799999999998,0.216,35,0.7297236246654245
bitcoin,2023-08-24,3.7360166957126486,1112.3200000000015,0.232,29,0.77768639082837
bitcoin,2023-10-19,3.5008015499674685,1625.2800000000009,0.348,29,0.9407251059266385
bitcoin,2023-10-22,3.3972541779819947,1550.400000000001,0.312,27,0.9410397108906164
bitcoin,2023-11-15,4.058883320960077,1027.5200000000011,0.24,36,0.770115408310847
bitcoin,2024-01-04,3.9051899280777875,918.7199999999999,0.176,29,0.6604244417882605
bitcoin,2024-01-07,4.106708126977919,1042.5600000000013,0.264,36,0.7369657788587531
bitcoin,2024-03-09,3.8551415882978706,1408.3200000000022,0.332,38,0.9654056371383308
bitcoin,2024-03-10,4.18533880278647,844.4799999999994,0.184,38,0.7365303688868081
bitcoin,2024-04-06,4.02693088660284,941.44,0.184,33,0.705251771107962
bitcoin,2024-05-20,4.328865829860678,732.4799999999998,0.172,35,0.5548069164991973
bitcoin,2024-06-23,3.6032223414862754,1209.2800000000004,0.252,24,0.6804904234161303
bitcoin,2024-07-01,4.288429440420506,742.0799999999997,0.176,35,0.5828352858316775
bitcoin,2024-07-18,3.335837140984425,1695.040000000001,0.3,28,1.0199784010947015
bitcoin,2024-08-23,3.398646792713197,1359.5508973095648,0.2786885245901639,20,0.6399698314657372
bitcoin-cash-node,2010-03-29,1.2855358373580605,5838.400000000001,0.752,6,0.9006939280545474
bitcoin-cash-node,2010-12-13,2.7938136530382516,2374.719999999999,0.412,20,1.0592082169406465
bitcoin-cash-node,2011-05-13,3.249861511843206,1757.4400000000023,0.324,35,1.3027157173450128
bitcoin-cash-node,2011-06-26,2.3680173506074014,3439.039999999999,0.556,19,1.3030544290758896
bitcoin-cash-node,2011-08-03,3.1626389282300535,2024.320000000002,0.392,30,1.2090231254303696
bitcoin-cash-node,2011-10-04,3.268997508861127,1762.5600000000015,0.332,29,1.1013994234618996
bitcoin-cash-node,2011-12-20,2.4704924463942253,2940.7999999999984,0.5,19,1.2320241053536425
bitcoin-cash-node,2012-03-10,2.784451904145549,1961.920000000001,0.268,19,1.0144039924031834
bitcoin-cash-node,2012-04-19,2.959111259241189,1641.920000000001,0.248,18,0.839272131589946
bitcoin-cash-node,2012-05-13,2.8486556970388848,1798.0800000000002,0.304,14,0.6645196648267305
bitcoin-cash-node,2012-06-05,3.5858013554079577,1069.1200000000006,0.148,23,0.650006116380094
bitcoin-cash-node,2012-08-03,3.207109623535258,1354.8800000000003,0.24,16,0.5495897289396494
bitcoin-cash-node,2012-09-16,2.9802118723133213,1773.440000000001,0.316,20,0.9300068167887373
bitcoin-cash-node,2012-11-18,3.0994258525115206,1809.6000000000013,0.336,25,1.0705175338452368
bitcoin-cash-node,2013-01-27,3.1366852368249845,1808.0000000000018,0.352,25,1.04469129665896
bitcoin-cash-node,2013-04-14,3.008541841151275,1632.0000000000007,0.224,20,0.9103699787633592
bitcoin-cash-node,2013-06-04,3.8392735081959977,1041.280000000002,0.18,33,0.835325953861935
bitcoin-cash-node,2013-08-31,3.4294593864851524,1373.7600000000014,0.284,25,0.8417557202811787
bitcoin-cash-node,2013-10-20,2.817522538383805,2064.639999999998,0.324,23,1.1825364122843154
bitcoin-cash-node,2013-11-30,2.596189899745825,3415.6799999999976,0.56,29,1.5677541207794485
bitcoin-cash-node,2014-01-07,2.406288291724749,3907.1999999999985,0.612,24,1.5101418853245308
bitcoin-cash-node,2014-02-23,3.100579376586398,2791.039999999996,0.504,40,1.5397216011307662
bitcoin-cash-node,2014-04-13,2.8786069883749708,3561.919999999996,0.588,41,1.71827374877204
bitcoin-cash-node,2014-05-25,3.151752594234557,2456.319999999998,0.472,31,1.249358779968973
bitcoin-cash-node,2014-06-14,3.3445512054385467,1954.2400000000011,0.404,30,1.0829311433740618
bitcoin-cash-node,2014-07-24,3.0071594715488263,2702.3999999999974,0.496,33,1.4121034522682767
bitcoin-cash-node,2014-08-25,3.19817026156383,1909.1200000000013,0.38,27,1.0790341662507
bitcoin-cash-node,2014-09-18,3.3565224007667065,1667.8400000000015,0.324,29,1.0407317914087337
bitcoin-cash-node,2014-10-15,3.4822180526322986,1588.480000000002,0.332,31,1.020297579208128
bitcoin-cash-node,2014-11-11,3.440015956931508,1479.3600000000008,0.292,27,0.9113995043760329
bitcoin-cash-node,2014-12-14,3.435535422122827,2007.3600000000015,0.42,33,1.1151758699082215
bitcoin-cash-node,2015-01-22,3.179318231545823,2297.279999999997,0.444,35,1.3516125931905945
bitcoin-cash-node,2015-03-13,3.451573233470943,1972.4800000000018,0.408,36,1.1910706831795543
bitcoin-cash-node,2015-04-30,3.3359076143226316,2076.4799999999973,0.42,32,1.1534609453235432
bitcoin-cash-node,2015-06-14,2.9863854234019853,2851.839999999997,0.504,38,1.5675815234299844
bitcoin-cash-node,2015-07-27,3.4459212896263853,2271.679999999997,0.456,39,1.2750310197936279
bitcoin-cash-node,2015-09-08,3.5753840080580868,1873.920000000002,0.4,38,1.1593188151218092
bitcoin-cash-node,2015-10-22,3.3985805682662593,1931.5200000000013,0.404,31,1.0782706656855738
bitcoin-cash-node,2015-11-07,3.589958125975088,1276.8000000000009,0.284,26,0.7697271846735865
bitcoin-cash-node,2015-12-14,3.335129971804846,2004.160000000002,0.396,35,1.2436121247319143
bitcoin-cash-node,2016-02-06,3.5079670796396574,2198.719999999995,0.444,46,1.397103905739764
bitcoin-cash-node,2016-03-27,3.2950363464372483,2183.039999999998,0.436,31,1.1500420511096272
bitcoin-cash-node,2016-04-12,3.4053088722484786,1844.800000000002,0.38,33,1.136127317731681
bitcoin-cash-node,2016-05-19,3.461440863186692,1541.4400000000014,0.288,29,0.9680078549936356
bitcoin-cash-node,2016-06-13,3.452215670742581,1756.1600000000021,0.372,34,1.133466965756081
bitcoin-cash-node,2016-08-07,3.720395882492214,1444.8000000000022,0.32,39,1.0847797296133401
bitcoin-cash-node,2016-08-29,3.482518840005637,1746.560000000002,0.352,36,1.1696208232593135
bitcoin-cash-node,2016-09-17,3.543133965130945,1885.440000000002,0.4,37,1.155004594367532
bitcoin-cash-node,2016-11-05,3.656172102912517,1560.3200000000013,0.348,35,1.021082676713677
bitcoin-cash-node,2016-11-26,3.6124959431802894,1227.2000000000012,0.24,28,0.8282131323755463
bitcoin-cash-node,2016-12-27,3.753810377552657,1034.560000000001,0.204,27,0.6938937864470425
bitcoin-cash-node,2017-01-30,3.327291303687034,1704.9600000000005,0.356,24,0.8717512442956541
bitcoin-cash-node,2017-05-04,1.906233554459933,5121.599999999998,0.708,20,1.674431859791326
bitcoin-cash-node,2017-06-27,1.7685315776395796,4542.400000000001,0.644,12,1.2590539730158943
bitcoin-cash-node,2017-09-17,2.9402181241934584,2174.079999999999,0.408,20,0.957728370538045
bitcoin-cash-node,2017-10-18,2.932966697910509,2489.919999999998,0.452,28,1.2992269128423246
bitcoin-cash-node,2017-11-25,3.4603851924285762,1928.6400000000017,0.392,37,1.2123616728609758
bitcoin-cash-node,2018-05-19,1.9846343944073084,3669.1199999999985,0.548,14,1.2634135946895384
bitcoin-cash-node,2018-06-09,3.2011458764327783,2412.799999999997,0.456,37,1.3920526738337509
bitcoin-cash-node,2018-07-11,3.8996603075215273,1310.4000000000021,0.268,45,1.1036239424702465
bitcoin-cash-node,2018-06-24,4.060653673965595,1038.4000000000021,0.252,41,0.8989414213646744
bitcoin-cash-node,2018-11-15,3.2037129518831353,1688.6400000000015,0.308,25,0.9982312249470272
bitcoin-cash-node,2018-09-15,3.780133903851788,1184.3200000000013,0.232,31,0.8137980468912213
bitcoin-cash-node,2018-08-13,3.761738386587374,1043.520000000001,0.192,26,0.6506581813543276
bitcoin-cash-node,2018-09-14,4.1404338104748435,754.2399999999999,0.128,35,0.6854180394637066
bitcoin-cash-node,2018-10-22,4.000240159426724,892.7999999999996,0.144,34,0.753605336546864
bitcoin-cash-node,2018-12-09,3.7518533166661756,1205.4400000000023,0.192,38,1.0369996114047497
bitcoin-cash-node,2019-02-20,3.7371452239112353,998.08,0.176,23,0.5451025406320115
bitcoin-cash-node,2019-04-12,4.089216882580551,857.2799999999993,0.148,37,0.7764887597853869
bitcoin-cash-node,2019-07-31,3.5762041172823156,1411.5200000000018,0.292,34,1.0475247236150569
bitcoin-cash-node,2019-08-01,3.506501754563987,1374.0800000000013,0.24,30,0.9706755768576277
bitcoin-cash-node,2020-01-31,3.4386121289098632,1881.920000000001,0.396,30,1.017733079469055
bitcoin-cash-node,2020-02-01,3.774068726052521,1348.1600000000014,0.296,37,0.9949328159414573
bitcoin-cash-node,2020-01-21,3.6414675403941477,1367.3600000000015,0.244,35,1.0312751027646516
bitcoin-cash-node,2020-01-25,3.814218355296059,1482.5600000000018,0.348,38,0.993771460712934
bitcoin-cash-node,2020-02-04,3.7602949371682604,1204.1600000000014,0.272,32,0.8592980690277119
bitcoin-cash-node,2020-07-06,2.5113654724130896,3046.719999999998,0.5,22,1.3502965567995875
bitcoin-cash-node,2020-09-13,2.8745848475733715,2256.639999999999,0.38,23,1.1429838335533276
bitcoin-cash-node,2020-11-06,3.2596597817119433,1687.3600000000013,0.272,26,0.9986725507432032
bitcoin-cash-node,2021-02-03,3.067073266818225,2007.6800000000019,0.296,31,1.3080540170193156
bitcoin-cash-node,2021-03-22,2.8885886639883562,2347.5199999999986,0.376,25,1.2166587366272537
bitcoin-cash-node,2021-06-07,2.9629962174965105,1997.4400000000012,0.312,25,1.165083350700713
bitcoin-cash-node,2021-02-18,3.5867097941945003,1240.3200000000006,0.268,24,0.6919360490152862
bitcoin-cash-node,2022-03-09,3.066009522957597,2010.5600000000009,0.364,24,1.0528579739399453
bitcoin-cash-node,2023-01-03,2.3229853847220223,3260.1599999999994,0.412,23,1.5253234460271206
bitcoin-cash-node,2024-02-05,2.5117142949006874,2577.5185298890415,0.3973509933774834,16,1.0316010403572593
cardano-node,2019-07-12,3.3753999955042593,1251.8400000000004,0.232,18,0.5507227677503361
cardano-node,2019-09-03,2.8892853763845268,1859.8400000000004,0.308,16,0.769888709765767
cardano-node,2019-11-01,3.162230393723284,1505.6000000000004,0.276,15,0.5161591194119505
cardano-node,2019-12-20,2.8607416876632707,1898.5600000000006,0.296,16,0.7896736871256862
cardano-node,2020-02-12,3.325159315817185,1549.120000000001,0.316,21,0.7396976330521058
cardano-node,2020-03-23,3.3143445488443186,1587.2000000000005,0.328,21,0.747193858287761
cardano-node,2020-04-22,2.9726941924422916,1784.000000000001,0.288,20,0.935217675395694
cardano-node,2020-05-11,2.7856795727287347,1981.4400000000005,0.316,16,0.8417027804594263
cardano-node,2020-06-05,3.1552660834987925,1900.160000000001,0.368,25,1.031812035174593
cardano-node,2020-07-03,3.037346236763007,1729.9200000000008,0.296,19,0.839110998769803
cardano-node,2020-07-21,3.2749059142036536,1549.1200000000008,0.3,22,0.8210506523289635
cardano-node,2020-08-16,2.862387448918543,2324.7999999999984,0.408,21,1.0604666478353622
cardano-node,2020-09-26,2.9913546475636275,1937.6000000000006,0.368,19,0.8709899391528246
cardano-node,2020-11-06,2.692696698514173,2297.279999999998,0.364,20,1.1292971488758203
cardano-node,2020-12-02,3.0350327353799504,1896.3200000000008,0.308,21,0.9407980542876735
cardano-node,2021-02-02,3.2608195522790213,1658.560000000001,0.328,26,0.9978686590445369
cardano-node,2021-04-03,3.1116386943333105,1955.2000000000014,0.372,26,1.10127295012312
cardano-node,2021-05-28,2.479098028751815,2626.879999999999,0.436,16,1.054208913278743
cardano-node,2021-07-04,3.103247585170021,1678.7200000000012,0.288,24,1.0270465161078879
cardano-node,2021-08-21,3.2008755304057632,1723.2000000000012,0.324,25,1.0001979756441277
cardano-node,2021-10-10,3.7049139023622804,1362.2400000000016,0.312,32,0.897685277159969
cardano-node,2022-01-01,3.3487513119043193,1611.8400000000013,0.26,30,1.0800198514192618
cardano-node,2022-03-17,3.0834286634964703,1672.3200000000004,0.268,18,0.7531018733358664
cardano-node,2022-05-15,2.918026357296952,2068.159999999999,0.384,20,0.9731105311940025
cardano-node,2022-06-22,3.075579638595384,1665.6000000000008,0.252,22,0.9592130982783501
cardano-node,2022-08-29,3.270857237925295,1542.720000000001,0.272,24,0.9108683578659379
cardano-node,2022-11-07,3.552303161437148,1257.2800000000009,0.212,27,0.8335679451599909
cardano-node,2023-01-10,3.2739768098159607,1890.560000000001,0.392,24,0.9087060354053694
cardano-node,2023-01-26,3.5750020752458047,1578.8800000000015,0.344,33,1.018504952513898
cardano-node,2023-03-22,3.2965114613210207,1948.480000000001,0.38,27,1.0108692409061188
cardano-node,2023-04-27,3.1513876209278515,1816.6400000000003,0.336,22,0.9066670090606626
cardano-node,2023-05-21,3.341923588003987,1608.960000000001,0.288,24,0.8616089176762074
cardano-node,2023-08-06,4.0522263685244,816.6399999999999,0.172,28,0.5234152278418508
cardano-node,2023-11-23,3.7965782511648385,927.6799999999997,0.156,24,0.546466319777831
cardano-node,2024-03-04,3.668720974961148,1077.4400000000007,0.208,23,0.5925306158736973
cardano-node,2024-05-12,3.695365475537627,1098.5600000000009,0.204,23,0.5740620554216825
cardano-node,2024-08-04,3.291087493931702,1389.5187704711514,0.23015873015873015,18,0.60916374050131
go-ethereum,2014-01-20,0.5519524333574333,8623.359999999999,0.928,8,1.69685726869493
go-ethereum,2014-03-06,1.4888972166039642,5732.48,0.748,12,1.4528817419554134
go-ethereum,2014-04-29,1.2919652069018057,5109.760000000001,0.652,8,1.1839195011343029
go-ethereum,2014-05-23,1.2568959168179439,5723.199999999999,0.728,10,1.4313712319943805
go-ethereum,2014-06-20,1.5666201118896819,4060.8,0.564,5,0.5235395988692615
go-ethereum,2014-07-09,1.7640843594914535,4373.76,0.632,9,0.9744544772848216
go-ethereum,2014-08-20,0.49366479522561924,8769.919999999998,0.936,7,1.6037277881029723
go-ethereum,2014-10-05,1.7803831950262228,4517.12,0.648,13,1.3308817655128036
go-ethereum,2014-11-02,2.9082820516708554,1908.4800000000002,0.364,16,0.7567212178510347
go-ethereum,2014-11-27,2.9144803363372596,2403.839999999999,0.448,20,0.9755684456244197
go-ethereum,2014-12-24,2.0771825663423535,3808.0,0.592,10,0.862791853625572
go-ethereum,2015-01-13,2.7860666099604674,2009.2800000000002,0.32,15,0.7768959855559074
go-ethereum,2015-01-28,2.491911880428385,2550.399999999999,0.364,14,0.9117956354924922
go-ethereum,2015-02-09,3.023441475008905,1728.64,0.328,16,0.6768987882493568
go-ethereum,2015-02-24,3.1904435011341987,1724.4800000000002,0.344,19,0.7329920616194711
go-ethereum,2015-03-07,2.1356868155869435,3083.2,0.472,10,0.8222397982109081
go-ethereum,2015-03-16,1.9291383649884013,3129.6000000000004,0.452,6,0.45458265062632236
go-ethereum,2015-03-23,2.140148136352753,2897.2799999999997,0.368,10,0.8191474463005136
go-ethereum,2015-04-02,2.1004393956393326,3162.2399999999993,0.44,10,0.8466714479696069
go-ethereum,2015-04-14,2.5361740250321656,2486.72,0.44,12,0.726964774927587
go-ethereum,2015-04-25,2.9396341935625365,1774.4000000000003,0.32,15,0.6704510479567297
go-ethereum,2015-05-11,2.8317739001233564,1764.1600000000003,0.28,12,0.5220705549342561
go-ethereum,2015-05-26,2.6741186571936346,1942.0800000000004,0.3,11,0.5443374650818559
go-ethereum,2015-06-11,2.8275197819127666,1744.3199999999997,0.272,11,0.43800790798806477
go-ethereum,2015-06-24,2.708572312172865,1871.3600000000004,0.276,12,0.6074673882626472
go-ethereum,2015-07-19,1.982555152016023,4082.5600000000004,0.612,12,1.1107041358635004
go-ethereum,2015-09-04,2.4298773418640613,2650.879999999999,0.428,15,1.0237875724826424
go-ethereum,2015-11-29,2.2253168578923823,2716.159999999999,0.344,13,1.0224772515609155
go-ethereum,2016-03-06,2.2034439632685405,2734.079999999999,0.384,12,0.9575956791265802
go-ethereum,2016-05-26,2.3859982481902122,3103.679999999997,0.492,26,1.6042485794674695
go-ethereum,2016-09-14,2.6385255435793735,2786.2399999999966,0.392,30,1.5723108402947181
go-ethereum,2016-11-19,2.6754158981629783,2359.3599999999983,0.372,22,1.2365854667213936
go-ethereum,2017-01-23,2.704625368263291,3118.719999999998,0.52,30,1.5264939331795537
go-ethereum,2017-04-06,2.4771491036001576,3649.5999999999976,0.576,29,1.650266912999429
go-ethereum,2017-06-24,3.467810049760133,2286.7199999999953,0.456,47,1.4464448430013797
go-ethereum,2017-09-10,3.3781315029822983,2872.9599999999937,0.524,55,1.6657908583795613
go-ethereum,2017-12-09,4.317015882152179,1594.2400000000046,0.38,69,1.2417791174509778
go-ethereum,2018-02-25,4.191578189265674,1256.6400000000035,0.312,56,1.1199710867490906
go-ethereum,2018-05-17,4.515082797099527,1156.1600000000042,0.308,65,1.0447703590913937
go-ethereum,2018-08-04,4.554300699236567,1143.6800000000048,0.3,71,1.1058791879433052
go-ethereum,2018-10-04,5.044174584217951,511.0400000000008,0.14,66,0.6932993507236231
go-ethereum,2018-12-19,4.966227849057491,649.5999999999989,0.2,70,0.8061684104568789
go-ethereum,2019-02-24,4.107319848648466,1089.9200000000028,0.268,45,0.9596853170217364
go-ethereum,2019-04-15,3.6934729323385875,1602.5600000000027,0.34,45,1.246542140245356
go-ethereum,2019-08-03,3.433064536727725,2104.3199999999943,0.416,49,1.5122012937974707
go-ethereum,2019-12-07,3.7371381123939496,1349.120000000003,0.24,47,1.2597608557410773
go-ethereum,2020-03-30,3.63079474111571,1352.0000000000023,0.28,37,1.0942427746479957
go-ethereum,2020-07-22,4.137795993278941,1075.8400000000033,0.252,50,1.0439213789546087
go-ethereum,2020-11-19,4.143432501646393,985.5999999999991,0.2,49,1.019811741753991
go-ethereum,2021-03-05,3.677160961942866,1405.760000000002,0.308,38,1.088772406490595
go-ethereum,2021-06-01,3.846236865888958,1341.7600000000023,0.288,45,1.1406542504136705
go-ethereum,2021-09-20,4.533276241252108,879.3599999999988,0.208,62,0.9849067397218109
go-ethereum,2022-01-28,4.945270051682122,669.439999999998,0.156,77,0.9160054284226927
go-ethereum,2022-05-30,4.833452740830577,613.1199999999984,0.12,69,0.8838123649208115
go-ethereum,2022-09-06,4.753217784796677,622.7199999999991,0.136,60,0.7996650561028976
go-ethereum,2023-01-02,4.551415862784393,816.6399999999984,0.184,67,1.049891546546154
go-ethereum,2023-04-16,4.793503960336857,582.3999999999988,0.12,61,0.7882701090628909
go-ethereum,2023-07-31,4.718651304370763,588.1599999999987,0.108,57,0.7723314201644519
go-ethereum,2023-11-02,4.91924650600851,599.6799999999987,0.156,67,0.7949307732718067
go-ethereum,2024-02-20,5.511899085926879,386.8800000000011,0.108,85,0.6220939455491659
go-ethereum,2024-05-07,5.554858437073124,374.400000000001,0.096,88,0.6270023504113511
go-ethereum,2024-08-01,5.04147780097829,506.55567117585775,0.12258064516129032,59,0.5830513203020726
nethermind,2017-12-15,0.861873455516811,6914.88,0.82,4,0.7888892054289556
nethermind,2018-04-13,0.4393193671742974,8454.72,0.916,3,0.7940993079458663
nethermind,2018-06-30,1.6340344031119969,3976.0,0.58,4,0.253668021664857
nethermind,2018-09-23,1.6050393787021024,4690.879999999999,0.66,7,0.8333816290202647
nethermind,2018-10-19,1.9411558628342558,3344.32,0.512,8,0.7339348283288635
nethermind,2018-11-15,1.7040485011011377,3715.2,0.54,5,0.42828149835844603
nethermind,2018-12-13,0.9192614268065282,6694.720000000001,0.804,4,0.749110894931433
nethermind,2019-03-03,0.8750665574916082,6882.24,0.816,5,1.0028879953064949
nethermind,2019-04-16,0.5721943239672761,8042.88,0.892,4,0.9896794787295693
nethermind,2019-05-08,0.4511177328606767,8573.12,0.924,3,0.785921304035137
nethermind,2019-06-03,1.2970230961135525,5789.439999999999,0.748,7,1.0468822468630734
nethermind,2019-06-28,1.7096173873313416,4036.1600000000003,0.592,6,0.6067429973630755
nethermind,2019-07-26,1.967871123307829,3156.48,0.444,7,0.5818858282291594
nethermind,2019-08-17,1.7010723285197142,4086.08,0.6,6,0.612665980786074
nethermind,2019-10-23,2.3772786430740864,2588.1599999999994,0.4,13,0.9171453686093612
nethermind,2019-12-18,2.24569416301162,3304.0,0.54,11,0.8412986953069406
nethermind,2020-01-30,1.9616672061459715,3567.9999999999995,0.54,10,0.9428609998570605
nethermind,2020-03-11,1.718180706712203,4374.4,0.632,7,0.7549580365052556
nethermind,2020-05-01,2.2049079022509726,2745.6000000000004,0.376,10,0.7742593971544413
nethermind,2020-07-13,2.643283352268186,2048.64,0.296,11,0.5657108697526372
nethermind,2020-10-16,2.865934202471603,1619.52,0.232,10,0.31607088088053886
nethermind,2021-02-06,3.2963890894232177,1248.6400000000003,0.22,16,0.48770591887751247
nethermind,2021-05-20,3.33514360930906,1380.1600000000014,0.22,24,0.8663084407928524
nethermind,2021-09-27,3.073806981371509,1722.2400000000011,0.276,20,0.8651316308308535
nethermind,2022-02-21,3.0146525091267864,2249.919999999999,0.424,24,1.0884559432787506
nethermind,2022-07-14,3.7447399474853515,968.6399999999998,0.148,25,0.6232198883385329
nethermind,2022-11-05,3.8656682885000717,992.3199999999998,0.236,25,0.5393987497143878
nethermind,2023-02-13,3.862030164893202,926.3999999999997,0.18,28,0.655249190142021
nethermind,2023-05-20,3.464070466927432,1184.960000000001,0.2,22,0.6899317759465934
nethermind,2023-09-22,3.90189652517161,872.6399999999995,0.18,27,0.5912482907449811
nethermind,2024-01-13,3.4161950789664113,1762.880000000002,0.376,31,1.0660612172568211
nethermind,2024-04-27,3.5868781917780486,1261.7600000000014,0.256,27,0.8096023603614207
nethermind,2024-07-29,3.646947704314297,1140.2777777777771,0.24166666666666667,22,0.5631709344632956
litecoin,2010-03-29,1.2855358373580605,5838.400000000001,0.752,6,0.9006939280545474
litecoin,2010-12-13,2.7938136530382516,2374.719999999999,0.412,20,1.0592082169406465
litecoin,2011-05-13,3.249861511843206,1757.4400000000023,0.324,35,1.3027157173450128
litecoin,2011-06-26,2.3680173506074014,3439.039999999999,0.556,19,1.3030544290758896
litecoin,2011-08-03,3.1626389282300535,2024.320000000002,0.392,30,1.2090231254303696
litecoin,2011-10-04,3.268997508861127,1762.5600000000015,0.332,29,1.1013994234618996
litecoin,2011-12-20,2.4704924463942253,2940.7999999999984,0.5,19,1.2320241053536425
litecoin,2012-03-10,2.784451904145549,1961.920000000001,0.268,19,1.0144039924031834
litecoin,2012-04-19,2.959111259241189,1641.920000000001,0.248,18,0.839272131589946
litecoin,2012-05-13,2.8486556970388848,1798.0800000000002,0.304,14,0.6645196648267305
litecoin,2012-06-05,3.5858013554079577,1069.1200000000006,0.148,23,0.650006116380094
litecoin,2012-08-03,3.207109623535258,1354.8800000000003,0.24,16,0.5495897289396494
litecoin,2012-09-16,2.9802118723133213,1773.440000000001,0.316,20,0.9300068167887373
litecoin,2012-11-18,3.0994258525115206,1809.6000000000013,0.336,25,1.0705175338452368
litecoin,2013-01-27,3.1366852368249845,1808.0000000000018,0.352,25,1.04469129665896
litecoin,2013-04-14,3.008541841151275,1632.0000000000007,0.224,20,0.9103699787633592
litecoin,2013-06-04,3.8392735081959977,1041.280000000002,0.18,33,0.835325953861935
litecoin,2013-08-31,3.4294593864851524,1373.7600000000014,0.284,25,0.8417557202811787
litecoin,2013-10-20,2.817522538383805,2064.639999999998,0.324,23,1.1825364122843154
litecoin,2013-11-30,2.596189899745825,3415.6799999999976,0.56,29,1.5677541207794485
litecoin,2014-01-08,2.406288291724749,3907.1999999999985,0.612,24,1.5101418853245308
litecoin,2014-02-23,3.100579376586398,2791.039999999996,0.504,40,1.5397216011307662
litecoin,2014-04-13,2.8786069883749708,3561.919999999996,0.588,41,1.71827374877204
litecoin,2014-05-25,3.151752594234557,2456.319999999998,0.472,31,1.249358779968973
litecoin,2014-06-14,3.3445512054385467,1954.2400000000011,0.404,30,1.0829311433740618
litecoin,2014-07-24,3.0071594715488263,2702.3999999999974,0.496,33,1.4121034522682767
litecoin,2014-08-25,3.19817026156383,1909.1200000000013,0.38,27,1.0790341662507
litecoin,2014-09-18,3.3565224007667065,1667.8400000000015,0.324,29,1.0407317914087337
litecoin,2014-10-15,3.4822180526322986,1588.480000000002,0.332,31,1.020297579208128
litecoin,2014-11-11,3.440015956931508,1479.3600000000008,0.292,27,0.9113995043760329
litecoin,2014-12-14,3.435535422122827,2007.3600000000015,0.42,33,1.1151758699082215
litecoin,2015-01-22,3.179318231545823,2297.279999999997,0.444,35,1.3516125931905945
litecoin,2015-03-13,3.451573233470943,1972.4800000000018,0.408,36,1.1910706831795543
litecoin,2015-04-30,3.3359076143226316,2076.4799999999973,0.42,32,1.1534609453235432
litecoin,2015-06-14,2.9863854234019853,2851.839999999997,0.504,38,1.5675815234299844
litecoin,2015-07-27,3.4459212896263853,2271.679999999997,0.456,39,1.2750310197936279
litecoin,2015-09-08,3.5753840080580868,1873.920000000002,0.4,38,1.1593188151218092
litecoin,2015-10-22,3.3985805682662593,1931.5200000000013,0.404,31,1.0782706656855738
litecoin,2015-11-07,3.589958125975088,1276.8000000000009,0.284,26,0.7697271846735865
litecoin,2015-12-14,3.335129971804846,2004.160000000002,0.396,35,1.2436121247319143
litecoin,2016-02-06,3.501885822895378,2203.199999999995,0.444,46,1.4013191117063224
litecoin,2016-03-27,3.305905837900347,2153.599999999998,0.432,31,1.14250789374786
litecoin,2016-04-12,3.396966120654478,1868.160000000002,0.384,33,1.1419100724771747
litecoin,2016-05-19,3.461440863186692,1541.4400000000014,0.288,29,0.9680078549936356
litecoin,2016-06-13,3.459216047608991,1735.3600000000017,0.368,34,1.1286146742682721
litecoin,2016-08-07,3.6817009338019906,1471.680000000002,0.324,38,1.0856255377966217
litecoin,2016-08-28,3.520524139053758,1733.440000000002,0.352,38,1.1973447786480476
litecoin,2016-09-17,3.5548961152331597,1878.080000000002,0.4,37,1.1468516931868589
litecoin,2016-11-04,3.668607438091042,1534.7200000000014,0.344,35,1.0124631591953646
litecoin,2016-12-01,3.6312007575311536,1228.800000000001,0.244,29,0.8503392628566178
litecoin,2016-12-20,3.8064244739058597,965.76,0.18,27,0.6574244739021102
litecoin,2017-01-20,3.673906319683792,1352.960000000001,0.304,30,0.8546395745319705
litecoin,2017-02-15,3.4976391493000674,1790.080000000001,0.388,31,1.0096084895317212
litecoin,2017-03-12,3.6254977558956507,1303.0400000000016,0.26,33,0.9835040138410015
litecoin,2017-04-02,3.711849682630969,1491.2000000000019,0.336,35,0.9824899193114299
litecoin,2017-04-18,3.924390000368625,1002.8799999999997,0.228,30,0.6810175174890005
litecoin,2017-05-16,3.6002459793924246,1288.3200000000008,0.228,27,0.800336516066192
litecoin,2017-06-13,3.9117942554553973,994.2399999999994,0.212,35,0.8438989023899149
litecoin,2017-07-16,3.804803783139279,1326.720000000001,0.316,32,0.8284468879329239
litecoin,2017-08-20,3.910492221098114,1284.1600000000021,0.292,41,1.0030254090485535
litecoin,2017-09-09,4.106757058667004,1048.6400000000021,0.22,42,0.8910825418236838
litecoin,2017-10-03,3.779737067645455,1054.7200000000014,0.216,28,0.7122904184788428
litecoin,2017-11-02,3.848956218879435,1411.2000000000014,0.332,37,0.9430247614292789
litecoin,2017-12-29,4.057840447368621,1063.0400000000018,0.256,39,0.8508809808739809
litecoin,2018-01-23,3.753078627578612,1470.4000000000015,0.324,36,0.9820830693302077
litecoin,2018-02-06,4.024247833693889,1317.1200000000024,0.32,44,0.9947935941188762
litecoin,2018-02-18,3.740891490206551,1202.5600000000013,0.248,33,0.903519172249117
litecoin,2018-03-30,3.947049158874251,1148.8000000000018,0.26,38,0.9017001637211975
litecoin,2018-04-17,4.121930009337376,999.6799999999997,0.22,42,0.8805654538457398
litecoin,2018-05-30,3.5987645371495485,1496.6400000000012,0.312,32,0.9712624103754017
litecoin,2018-06-26,4.0306082507734935,1009.5999999999995,0.22,38,0.8437814147610877
litecoin,2018-07-18,3.881686514978699,1398.0800000000017,0.308,41,1.0229920030292652
litecoin,2018-08-03,3.717211756530185,1281.2800000000013,0.232,33,0.9199327128833006
litecoin,2018-09-04,3.5244637299619965,1782.4000000000024,0.344,40,1.2459073567049919
litecoin,2018-10-04,4.146942901936777,883.8399999999995,0.172,39,0.7891198657090924
litecoin,2018-11-08,4.175273425214842,1118.4000000000024,0.24,47,0.9560685989555271
litecoin,2018-12-09,3.6729186888397245,1567.0400000000013,0.32,37,1.0650446790490407
litecoin,2018-12-19,3.989006812666471,1006.0799999999997,0.22,33,0.7315387360323019
litecoin,2018-12-27,3.8585023851881672,1221.7600000000011,0.284,35,0.880838012012412
litecoin,2019-02-19,3.8110001237860587,1553.600000000002,0.344,43,1.1196161247776535
litecoin,2019-03-24,3.574151869142975,1811.2000000000016,0.396,33,1.0190942704769688
litecoin,2019-04-09,3.875136191416625,1412.4800000000016,0.336,36,0.8974792130898734
litecoin,2019-06-05,3.7998196002140308,1320.9600000000019,0.284,38,1.0037519172016147
litecoin,2019-07-10,3.9601649513670916,949.1199999999998,0.196,32,0.7207587322073161
litecoin,2019-07-27,4.024886383688817,1178.880000000002,0.232,40,0.8990408051859206
litecoin,2019-08-19,4.245581006348402,966.3999999999992,0.188,46,0.8858288920998478
litecoin,2019-09-20,3.8722088215391994,1269.4400000000023,0.224,42,1.0536589910941265
litecoin,2019-10-11,4.1740388908175055,914.2399999999992,0.176,45,0.9134392010526058
litecoin,2019-10-25,3.94410984174953,1039.0400000000016,0.22,35,0.8214994448619963
litecoin,2019-11-20,3.682147765315965,1211.2000000000014,0.248,31,0.8817168625512836
litecoin,2019-12-07,3.988721934742967,997.4399999999997,0.188,37,0.8461465495395282
litecoin,2019-12-31,4.053321167366105,916.4799999999992,0.172,36,0.7739707993923491
litecoin,2020-02-13,3.6331538757278037,1322.880000000001,0.284,29,0.8489854644853094
litecoin,2020-02-28,3.907317018646532,1026.880000000001,0.24,30,0.6928516066334207
litecoin,2020-03-24,3.070578826833616,2374.719999999999,0.46,24,1.0496907738411612
litecoin,2020-02-26,3.308640366067346,1779.8400000000013,0.356,26,0.9647217967950774
litecoin,2020-03-25,3.9299589732149074,1128.6400000000017,0.248,36,0.8594789564559421
litecoin,2020-05-11,3.742476163559765,1494.0800000000008,0.348,31,0.8399004034008957
litecoin,2020-05-28,3.5850709661376223,1652.8000000000013,0.364,34,1.041378692330549
litecoin,2020-06-02,3.66497910619451,1523.840000000001,0.348,31,0.8936172702153142
litecoin,2020-06-20,4.0212636605819,935.6799999999998,0.228,31,0.6466596358646391
litecoin,2020-06-29,4.30797884192877,788.48,0.18,40,0.7028160659191129
litecoin,2020-07-25,4.031807787549812,901.4399999999996,0.192,34,0.7317243241163807
litecoin,2020-08-20,4.334216858695223,899.8399999999993,0.224,45,0.8024122942303451
litecoin,2020-09-23,3.8563626123552757,953.5999999999996,0.172,28,0.6591776382043608
litecoin,2020-10-27,3.5781194231753384,1420.8000000000015,0.308,31,0.953823814604384
litecoin,2021-02-10,2.8068088669143076,2400.6399999999985,0.364,24,1.2325221778756394
litecoin,2022-12-04,2.877320807846552,1987.7551020408166,0.37142857142857144,13,0.5705425519362344
polkadot-sdk,2018-01-10,1.5386171952787462,4276.799999999999,0.564,7,0.8794219781867997
polkadot-sdk,2018-02-26,1.7752150793527142,3959.9999999999995,0.588,6,0.5612741420872216
polkadot-sdk,2018-06-15,3.0354456343901104,1647.0400000000004,0.28,18,0.7863611746756661
polkadot-sdk,2018-08-09,3.8034313742218444,948.1599999999997,0.156,28,0.6958667766800949
polkadot-sdk,2018-09-29,3.8926135237176376,902.0799999999999,0.16,25,0.5207217358938077
polkadot-sdk,2018-12-12,4.4293302583933,782.7199999999995,0.2,44,0.7140118535440929
polkadot-sdk,2019-02-05,4.47918999799606,568.3199999999999,0.108,36,0.4787810201528349
polkadot-sdk,2019-03-27,4.484616155378743,663.0399999999994,0.152,40,0.5803804101195807
polkadot-sdk,2019-05-13,4.433288708247891,878.0799999999996,0.248,44,0.7112680651879949
polkadot-sdk,2019-06-27,4.233108167377839,1080.3200000000022,0.22,46,0.8944744052658706
polkadot-sdk,2019-08-09,4.323858774178497,782.3999999999996,0.16,42,0.7405990998221649
polkadot-sdk,2019-09-21,4.580813303121255,672.64,0.176,43,0.5860222899635766
polkadot-sdk,2019-10-29,4.32233410074943,776.3199999999995,0.18,45,0.8106487943977478
polkadot-sdk,2019-11-29,4.8765244686042415,542.0799999999991,0.144,55,0.6271839988878559
polkadot-sdk,2020-01-04,4.437883378784272,663.0399999999998,0.14,36,0.5074125867979491
polkadot-sdk,2020-02-05,4.700574934386138,584.3199999999996,0.144,47,0.5919573389295589
polkadot-sdk,2020-03-07,4.579339131918188,686.0799999999991,0.188,45,0.6325064816534025
polkadot-sdk,2020-04-02,4.747964116419974,525.4399999999997,0.124,43,0.47016217499726737
polkadot-sdk,2020-04-27,4.775777748495765,571.199999999999,0.148,50,0.6017061240773839
polkadot-sdk,2020-05-21,5.009712355268078,463.6800000000003,0.128,53,0.4978239190817322
polkadot-sdk,2020-06-17,5.126157148335457,407.36000000000024,0.096,56,0.4721703162592212
polkadot-sdk,2020-07-15,4.690134482232497,569.2799999999994,0.152,44,0.5332361411118286
polkadot-sdk,2020-08-14,4.854798273388829,482.56000000000046,0.116,50,0.54693327004139
polkadot-sdk,2020-09-24,5.04641233292069,505.28000000000054,0.144,61,0.6129673836664029
polkadot-sdk,2020-11-05,4.524081069077718,736.9599999999996,0.204,46,0.6927873588332536
polkadot-sdk,2020-12-12,4.418922499039067,741.4399999999991,0.184,43,0.6982364443717256
polkadot-sdk,2021-01-18,4.929131873889621,530.2399999999996,0.148,55,0.5907193242377224
polkadot-sdk,2021-02-19,4.598410914851339,640.9599999999998,0.176,45,0.6192869290850369
polkadot-sdk,2021-03-21,4.671642189048427,563.8399999999993,0.128,47,0.6120119897862519
polkadot-sdk,2021-04-14,4.755793775403527,562.2399999999996,0.124,52,0.6547786718359372
polkadot-sdk,2021-05-17,5.128574656008263,408.0000000000002,0.116,57,0.4881942047312331
polkadot-sdk,2021-06-13,4.949602952949294,482.8800000000004,0.104,54,0.5581807148362954
polkadot-sdk,2021-07-15,5.37368971810508,343.36000000000047,0.104,64,0.43412520605117116
polkadot-sdk,2021-08-20,5.065001199565594,437.12000000000035,0.112,55,0.49654188422084083
polkadot-sdk,2021-09-22,5.191733138813261,393.92000000000013,0.092,59,0.47890225651767565
polkadot-sdk,2021-10-18,4.88442922349226,579.1999999999992,0.168,55,0.6217048403242091
polkadot-sdk,2021-11-19,5.168466082705252,481.92000000000047,0.152,63,0.5606270333446867
polkadot-sdk,2021-12-15,4.8159488308804015,626.2399999999996,0.164,56,0.6871903368894369
polkadot-sdk,2022-01-18,5.362971862833225,351.04000000000053,0.096,67,0.48736379324580004
polkadot-sdk,2022-02-20,4.797593509005974,734.7199999999995,0.208,58,0.7350045963062356
polkadot-sdk,2022-03-21,4.9106167321144625,580.799999999999,0.184,55,0.6035530425568397
polkadot-sdk,2022-04-20,4.937936642591135,635.5199999999998,0.204,57,0.6203344062388664
polkadot-sdk,2022-05-18,5.03090015327094,533.4399999999994,0.176,57,0.5558970109162056
polkadot-sdk,2022-06-22,5.246739440893039,469.76000000000033,0.156,66,0.5528920914387555
polkadot-sdk,2022-08-04,5.232544453065508,406.7200000000004,0.108,63,0.516211291594599
polkadot-sdk,2022-09-08,5.1649485537576805,420.1600000000007,0.124,61,0.5308043363990125
polkadot-sdk,2022-10-09,5.452096592689173,299.2000000000005,0.072,63,0.36402934502855083
polkadot-sdk,2022-11-14,5.54668609608295,315.2000000000005,0.096,72,0.431996290065113
polkadot-sdk,2022-12-18,5.296911394053743,382.0800000000003,0.1,65,0.5028480714314387
polkadot-sdk,2023-01-23,5.506376162996819,331.20000000000044,0.1,72,0.4599370065323238
polkadot-sdk,2023-02-25,5.851382241860075,223.03999999999976,0.044,80,0.3261575313500439
polkadot-sdk,2023-03-23,5.081243201564558,506.2400000000005,0.136,64,0.6368336844558118
polkadot-sdk,2023-04-21,5.214008802270428,476.1600000000006,0.152,67,0.5906171186824831
polkadot-sdk,2023-05-18,5.424263685719154,370.5600000000004,0.116,70,0.48868216167943307
polkadot-sdk,2023-06-13,5.35504418816934,437.1200000000006,0.144,73,0.5786256603448968
polkadot-sdk,2023-07-15,5.256851354689968,540.4799999999988,0.184,73,0.6466877460223159
polkadot-sdk,2023-08-16,5.406796225462621,393.60000000000036,0.132,71,0.5149743174997489
polkadot-sdk,2023-09-14,5.72745217497338,289.2800000000006,0.108,79,0.39948052559230074
polkadot-sdk,2023-10-27,5.868910729142302,241.2799999999997,0.072,84,0.3627978739803185
polkadot-sdk,2023-12-02,5.604790160148228,284.1600000000006,0.08,73,0.40551494401152643
polkadot-sdk,2024-01-18,5.401778133084256,430.4000000000007,0.148,75,0.5732608305785962
polkadot-sdk,2024-03-02,5.773731686576799,239.67999999999972,0.06,75,0.3154422736759889
polkadot-sdk,2022-02-20,4.396546487766231,1027.200000000001,0.224,60,1.0468907600262132
polkadot-sdk,2020-12-16,1.8583244875530869,3582.72,0.544,7,0.6578177699423859
polkadot-sdk,2021-07-27,2.415263901558699,3561.279999999997,0.568,26,1.583963174347858
polkadot-sdk,2022-08-25,1.5865626232289478,4630.719999999999,0.64,10,1.20286368392111
polkadot-sdk,2023-05-01,2.097431683916042,2731.519999999999,0.384,8,0.6256126835563333
polkadot-sdk,2024-03-29,4.968422338302465,553.919999999999,0.14,62,0.6832864494196902
polkadot-sdk,2024-06-07,5.736712190143649,260.1600000000004,0.064,82,0.43033336698231645
polkadot-sdk,2024-08-01,5.57155733197714,319.36000000000087,0.096,78,0.4947995707015487
polkadot-sdk,2024-09-02,5.119087818311508,382.71604938271645,0.1,45,0.258381201468934
solana,2018-02-28,0.2791693128779093,9226.56,0.96,4,1.1927889389997106
solana,2018-04-07,1.3497335987627137,5616.639999999999,0.728,9,1.261660538846816
solana,2018-05-10,1.8379623635461089,4625.919999999998,0.664,13,1.2909709271942578
solana,2018-05-28,2.0147490992589274,3096.6400000000003,0.436,8,0.6829238839928207
solana,2018-06-23,2.872498782587019,1612.1600000000003,0.236,11,0.4068308404863034
solana,2018-07-09,2.417350834415244,2433.9200000000005,0.352,10,0.6270051776948883
solana,2018-07-26,2.203168196469697,2946.559999999999,0.432,10,0.7754652693117358
solana,2018-08-14,2.92637821410915,1708.1600000000003,0.26,14,0.610646521253453
solana,2018-09-07,2.4019832988365524,2634.5599999999995,0.44,12,0.8199786984473677
solana,2018-09-30,3.298177369580656,1314.2399999999998,0.22,15,0.42192785639076114
solana,2018-10-31,2.631801679975629,2532.7999999999997,0.452,14,0.8148314153472234
solana,2018-11-21,2.867719213855072,2173.44,0.384,16,0.7848372345185558
solana,2018-12-09,2.480399435506608,3021.4400000000005,0.48,17,1.1139314686723323
solana,2018-12-31,2.5358464862580887,3308.7999999999997,0.556,18,1.1326569156135269
solana,2019-01-25,2.933010275926333,2159.6800000000003,0.412,17,0.800205540744532
solana,2019-02-13,2.702503580230182,2316.8000000000006,0.34,14,0.76582459252555
solana,2019-02-24,3.120045999961056,1656.9599999999996,0.272,14,0.4764062415249173
solana,2019-03-05,2.7945548932753046,2249.5999999999995,0.412,14,0.7020194844214822
solana,2019-03-16,2.9433111491151793,2071.3599999999997,0.36,17,0.7930655195363774
solana,2019-03-31,3.4191799200756914,1377.9199999999998,0.288,18,0.52037683646852
solana,2019-04-19,3.3013847094130138,1392.6399999999999,0.292,15,0.4197046978288654
solana,2019-05-10,3.168039700589821,1464.6400000000003,0.288,15,0.5121324147364026
solana,2019-06-04,2.7812715287538956,2344.9599999999996,0.44,15,0.7802196825747981
solana,2019-07-01,3.67451028506946,1048.3200000000006,0.228,20,0.44875582951957416
solana,2019-07-28,3.105007769448808,1962.5600000000002,0.4,17,0.6809859630460504
solana,2019-08-24,3.2685266927144734,1639.3600000000006,0.344,19,0.6788689175264814
solana,2019-09-20,3.4701054063496004,1324.4800000000002,0.296,18,0.4850779792391161
solana,2019-10-12,3.6732088755607832,1068.8,0.244,19,0.398364603463717
solana,2019-11-02,3.5922108184988595,1235.84,0.292,18,0.40044095707674654
solana,2019-11-22,3.8613639121937577,868.48,0.204,19,0.267945470313417
solana,2019-12-17,3.7009797519402046,1017.9200000000001,0.228,18,0.3250480775293662
solana,2020-01-21,3.3012776787208,1427.8399999999997,0.304,15,0.4197788858514065
solana,2020-02-20,3.3650820003543287,1583.680000000001,0.344,23,0.802997115030526
solana,2020-03-14,3.458243042778104,1204.8,0.244,17,0.436141929263527
solana,2020-04-07,3.3183556943640315,1304.32,0.268,15,0.4079413074587422
solana,2020-05-06,3.383063430489521,1298.8800000000003,0.264,19,0.5994781006671736
solana,2020-05-17,3.3233963442870897,1453.12,0.26,17,0.5296105381303906
solana,2019-04-19,1.3107038454293063,5529.600000000001,0.712,10,1.3940744179856441
solana,2019-01-09,1.4157276489919055,4397.120000000001,0.484,8,1.0981339133403365
solana,2019-06-23,2.2275506759539128,2673.92,0.424,8,0.5354210710879812
solana,2020-01-18,1.9905722721830381,3535.68,0.54,10,0.9228255348295689
solana,2020-05-18,2.53683117281933,2717.12,0.444,15,0.9496528261059118
solana,2020-07-07,3.632990432356329,935.36,0.172,17,0.3150162688671704
solana,2020-08-01,3.3053248760617073,1311.6800000000003,0.232,17,0.5421367253793934
solana,2020-08-23,3.5816001580671313,1069.1200000000006,0.164,21,0.5619463862661365
solana,2020-09-14,3.400092569353657,1294.7200000000007,0.208,21,0.687757859633116
solana,2020-10-06,3.2836605996594335,1467.8400000000004,0.284,19,0.6683788925967253
solana,2020-10-26,3.3138609702966058,1371.8400000000004,0.232,19,0.6474455908377041
solana,2020-11-14,3.4578205515428353,1184.9600000000003,0.204,19,0.5476604129822898
solana,2020-12-09,3.5196664388822887,1152.6400000000003,0.232,20,0.5560854049312701
solana,2021-01-09,3.379698598905404,1270.7200000000003,0.24,18,0.5477432029224871
solana,2021-02-03,4.143760424090165,815.9999999999995,0.172,36,0.7112830835821294
solana,2021-02-22,3.706917789400065,1116.8000000000009,0.248,26,0.6886569237313231
solana,2021-03-12,3.6059347098274417,1091.5200000000004,0.208,22,0.5915989759581809
solana,2021-04-01,3.5539419583621488,1262.4000000000008,0.28,24,0.714648982035532
solana,2021-04-22,3.402328896632062,1354.5600000000009,0.236,24,0.8197391483098033
solana,2021-05-10,4.111225713168071,1016.3199999999991,0.204,44,0.9345051221902629
solana,2021-05-30,3.3208322046627696,2127.359999999997,0.428,32,1.1639104230250619
solana,2021-06-18,3.3747282350123657,1881.9200000000014,0.384,32,1.1265525415448665
solana,2021-07-06,3.6338774426868943,1622.4000000000008,0.368,32,0.946923998900923
solana,2021-07-26,3.635253199047382,1616.3200000000013,0.36,34,1.0065950190749475
solana,2021-08-17,3.493571181405587,1628.1600000000014,0.348,32,1.0441768883229683
solana,2021-09-09,3.484637467082183,1555.2000000000019,0.26,36,1.168152302874547
solana,2021-09-24,3.3701530292100346,1927.6800000000026,0.352,36,1.247506868203618
solana,2021-10-11,3.9795548561804233,1035.8400000000013,0.22,33,0.7380903330213817
solana,2021-10-27,4.052048104592826,1140.1600000000021,0.236,41,0.9049063475125216
solana,2021-11-23,4.130751409290684,1125.440000000002,0.28,44,0.9209709409744037
solana,2021-12-11,4.060750183433744,1021.7599999999993,0.212,42,0.9229720776779897
solana,2021-11-27,3.751203955737911,1469.1200000000017,0.284,38,1.0374497141013423
solana,2022-01-09,4.5154179679016995,715.1999999999991,0.184,46,0.6987921629883169
solana,2022-02-12,5.050945579115193,440.9600000000006,0.1,59,0.5764887565803063
solana,2022-03-07,4.503865668012039,688.9599999999995,0.16,46,0.7067996070858183
solana,2022-03-23,4.519103837336917,807.3599999999994,0.232,46,0.6962373129813839
solana,2022-04-12,4.753334607711387,541.1199999999994,0.144,49,0.5970598165174661
solana,2022-04-26,4.702683918218988,594.2399999999992,0.144,50,0.6523709064500578
solana,2022-05-13,4.808178644780167,602.8799999999991,0.16,53,0.6375164422942137
solana,2022-06-01,4.926361230449056,452.8000000000005,0.096,51,0.5171322354187415
solana,2022-06-25,4.61509347256565,720.6399999999993,0.196,53,0.7713528850226374
solana,2022-07-16,4.735628485511546,628.4799999999996,0.172,49,0.6093327651989365
solana,2022-08-11,4.705481578348928,565.4399999999994,0.128,45,0.5450712005610013
solana,2022-09-01,4.377042057389644,856.3199999999996,0.232,43,0.7272657544216296
solana,2022-09-26,4.527319346914206,691.5199999999996,0.176,44,0.6460909931101875
solana,2022-10-24,4.237361589399733,966.7199999999996,0.232,42,0.8005543795779376
solana,2022-11-25,4.389755515566662,1000.9599999999995,0.276,46,0.7858947375265966
solana,2022-12-20,3.8625157088923863,1633.280000000002,0.376,41,1.036280193217054
solana,2023-01-16,4.328109931846749,993.9199999999995,0.264,46,0.8286242000760271
solana,2023-02-06,4.342049351647117,935.3599999999994,0.252,42,0.727990352337032
solana,2023-03-02,4.5581511967093284,740.7999999999992,0.196,46,0.6691717459240862
solana,2023-03-31,4.265750052422945,783.6799999999996,0.196,35,0.5985554396790117
solana,2023-04-24,4.205881635093261,847.9999999999997,0.18,37,0.6956229155104786
solana,2023-05-17,4.326424305367331,730.5599999999996,0.144,39,0.6647128369582621
solana,2023-06-10,4.418481792914015,739.8399999999996,0.188,42,0.675011421169568
solana,2023-07-11,4.0473269410004695,1005.4399999999994,0.224,39,0.8581683881708639
solana,2023-08-16,4.051351243778772,865.9199999999998,0.188,32,0.6575532107164443
solana,2023-09-16,4.270625437694323,810.2399999999996,0.18,42,0.7774976369179678
solana,2023-10-17,4.611569725942903,663.3599999999992,0.148,50,0.7155264519352229
solana,2023-11-20,4.288063373362817,743.9999999999999,0.176,35,0.5830890241806098
solana,2023-12-26,4.320213350764718,826.2399999999998,0.196,42,0.7431259147833721
solana,2024-01-31,4.2392829877638185,891.1999999999997,0.212,39,0.7251145955654156
solana,2024-03-05,4.658388671136828,624.1738343141694,0.16595744680851063,46,0.5996924231382089
tezos-mirror,2016-11-28,2.3545058068887172,2482.8799999999997,0.352,11,0.7658762111414377
tezos-mirror,2017-03-31,2.205329536281912,3409.5999999999995,0.54,13,1.0363314071821579
tezos-mirror,2017-10-04,2.163372079082523,3324.479999999999,0.496,16,1.2730534651216243
tezos-mirror,2017-12-29,2.367173124592991,2766.0799999999995,0.444,14,0.9982579524063515
tezos-mirror,2018-02-15,2.44560388347385,3043.5199999999995,0.508,14,0.943893893018907
tezos-mirror,2018-04-08,2.9003760423345737,2275.2000000000003,0.436,17,0.8228258677483944
tezos-mirror,2018-05-09,2.5741100979574707,2887.999999999999,0.488,17,1.0489761872061127
tezos-mirror,2018-06-02,3.249301543247677,1437.1200000000001,0.284,17,0.58096914056501
tezos-mirror,2018-06-23,3.264926762246392,1563.5200000000007,0.324,21,0.7814476577376264
tezos-mirror,2018-08-02,3.912663618335465,998.3999999999995,0.172,36,0.8714671829274102
tezos-mirror,2018-11-27,4.293078309541657,710.3999999999999,0.16,33,0.5207724352846262
tezos-mirror,2019-02-09,3.6434689688041946,1290.5600000000009,0.276,25,0.6934155816839233
tezos-mirror,2019-04-20,3.7901858795761507,896.3199999999996,0.164,23,0.5083375597028247
tezos-mirror,2019-05-31,3.8208038255077055,1096.320000000001,0.252,29,0.7189164308631552
tezos-mirror,2019-08-17,4.234015858366513,729.2799999999997,0.144,32,0.5309397481268823
tezos-mirror,2019-10-24,4.325469327016059,693.4399999999997,0.16,33,0.49832069284677527
tezos-mirror,2020-01-11,4.2586853501394355,665.6,0.112,29,0.41540008664538075
tezos-mirror,2020-03-07,3.8039819381560744,1079.0400000000009,0.2,27,0.6591175106704903
tezos-mirror,2020-04-23,4.251887830518433,641.5999999999997,0.112,27,0.34865280422333506
tezos-mirror,2020-05-23,4.035575742736729,953.2799999999996,0.232,33,0.6992596134524092
tezos-mirror,2020-07-29,3.47647826052145,1720.0000000000005,0.376,25,0.8091647203098171
tezos-mirror,2020-09-27,4.129218044601653,762.2399999999999,0.156,31,0.5718313589522609
tezos-mirror,2020-05-30,2.796485641608602,2114.559999999999,0.34,18,0.951995619938793
tezos-mirror,2020-08-09,3.8954230265023,963.8399999999997,0.168,30,0.7010958937537975
tezos-mirror,2020-09-03,3.0805215523731695,1590.7199999999998,0.292,14,0.5038025009336502
tezos-mirror,2020-11-06,3.7706785447742095,986.8799999999998,0.192,23,0.521859013821029
tezos-mirror,2020-11-14,4.107843085524611,869.7599999999999,0.176,32,0.618396049885677
tezos-mirror,2021-01-11,4.184918422856598,849.2799999999997,0.204,35,0.6545836558129909
tezos-mirror,2021-01-08,4.453870967026531,584.9600000000003,0.108,35,0.46815995811717803
tezos-mirror,2021-02-04,4.208958674575261,757.1199999999997,0.156,35,0.6379202231142477
tezos-mirror,2021-03-30,4.277507132906483,704.6399999999999,0.144,33,0.5315655524672972
tezos-mirror,2021-04-16,4.072478797124719,841.9199999999996,0.148,34,0.7035333284990067
tezos-mirror,2021-05-03,3.95781799380171,884.4799999999996,0.164,28,0.588854126602131
tezos-mirror,2021-05-20,3.8341205890583487,995.1999999999995,0.2,26,0.6004866617888525
tezos-mirror,2021-06-14,3.9444634311081033,1028.160000000001,0.24,31,0.6998934983907581
tezos-mirror,2021-06-26,3.9851500246788603,1003.5200000000001,0.196,35,0.793052557774867
tezos-mirror,2021-07-14,4.154030447548385,886.7199999999998,0.224,33,0.6171530687881508
tezos-mirror,2021-08-04,4.216702412253031,888.9599999999998,0.228,35,0.6325526731759062
tezos-mirror,2021-08-15,4.311655654763096,816.3199999999997,0.22,35,0.56673610084503
tezos-mirror,2021-09-05,4.25222727821882,811.8399999999995,0.208,38,0.6901668107289209
tezos-mirror,2021-09-10,4.076422291715968,942.0799999999997,0.216,34,0.7007999063415291
tezos-mirror,2021-09-17,3.8613228335541576,1038.7200000000014,0.248,29,0.6908307946766713
tezos-mirror,2021-10-12,4.1210589253208125,854.0799999999998,0.2,29,0.5107954549789551
tezos-mirror,2021-10-21,3.8456837334977694,1066.2400000000011,0.224,30,0.7355725444629332
tezos-mirror,2021-11-11,4.145022015706884,959.04,0.256,31,0.5608768809390192
tezos-mirror,2021-11-25,4.05413998346686,919.36,0.228,29,0.5571801308510757
tezos-mirror,2021-12-06,4.144068562164001,870.7199999999999,0.228,30,0.5287479417510716
tezos-mirror,2021-12-09,3.5938066805392768,1259.5200000000011,0.216,27,0.8047998979110343
tezos-mirror,2021-11-23,3.9699234514667325,877.7599999999995,0.172,27,0.544095618581357
tezos-mirror,2021-12-07,3.994319732813521,891.8399999999999,0.188,29,0.5986443689318279
tezos-mirror,2022-01-02,3.847241498641964,1115.5200000000011,0.252,30,0.7344927839452602
tezos-mirror,2021-12-30,3.883390797537809,1157.4400000000012,0.22,32,0.7739745204739591
tezos-mirror,2022-01-20,3.95446703468461,918.7199999999998,0.172,28,0.5911768344663197
tezos-mirror,2022-02-12,3.8862869379556746,1020.8,0.192,29,0.6735269960955561
tezos-mirror,2022-02-21,4.037514488427762,1211.2000000000016,0.268,42,0.9390778341597378
tezos-mirror,2022-02-20,3.9229422141463846,824.9599999999999,0.152,25,0.4996994896330454
tezos-mirror,2022-03-06,3.981727870855947,1190.0800000000013,0.288,36,0.8235954910153591
tezos-mirror,2022-03-10,3.765409422979658,1247.0400000000009,0.232,30,0.7912144564699556
tezos-mirror,2022-03-21,3.8782341800037123,1030.080000000001,0.212,29,0.6791087425656903
tezos-mirror,2022-03-27,4.315763641966676,903.04,0.252,37,0.6194585122519033
tezos-mirror,2022-03-28,4.089814362020513,972.7999999999998,0.212,31,0.5991439104370577
tezos-mirror,2022-04-10,4.175623752368445,883.5199999999993,0.224,34,0.6320386935828369
tezos-mirror,2022-04-21,4.058472993050618,1044.8000000000009,0.244,32,0.6526167902880105
tezos-mirror,2022-04-25,4.1344951682117514,913.5999999999996,0.236,32,0.5999222339150361
tezos-mirror,2022-05-07,3.528211000047005,1310.7200000000005,0.232,23,0.6899247088259838
tezos-mirror,2022-05-15,3.8910252035164126,1056.9600000000014,0.216,32,0.76868275349464
tezos-mirror,2022-05-20,4.040344059971893,917.4399999999998,0.22,29,0.5667427363248341
tezos-mirror,2022-05-25,4.304861936007912,689.5999999999999,0.172,30,0.41729446801844383
tezos-mirror,2022-05-29,4.1604892454246665,834.8799999999999,0.184,31,0.5501558142690651
tezos-mirror,2022-05-27,3.932663447418925,965.7599999999995,0.192,33,0.7705929807968998
tezos-mirror,2022-06-15,4.287590598363829,849.2799999999999,0.236,34,0.5544291899649461
tezos-mirror,2022-06-23,3.9896267056953505,877.7599999999999,0.16,30,0.6357988791227616
tezos-mirror,2022-06-26,3.904073762833867,1168.3200000000013,0.232,35,0.8492503400830641
tezos-mirror,2022-07-04,4.081353685111275,896.0,0.176,30,0.5722185819593325
tezos-mirror,2022-07-10,4.27124198345407,815.0399999999998,0.22,32,0.5051365644792707
tezos-mirror,2022-07-18,3.979730386908343,1017.9199999999998,0.244,29,0.6087569329122167
tezos-mirror,2022-07-29,4.31680511058399,782.7199999999999,0.216,33,0.504326270038424
tezos-mirror,2022-08-04,4.0657012580572855,961.6000000000001,0.248,28,0.5140751461537741
tezos-mirror,2022-08-24,4.059332738814639,963.52,0.228,33,0.6827925186024335
tezos-mirror,2022-08-21,4.093431089827148,986.2399999999994,0.244,35,0.7179978427593029
tezos-mirror,2022-09-10,4.210830705341018,792.9600000000002,0.188,31,0.5152617732627749
tezos-mirror,2022-09-14,4.128595952287289,825.5999999999995,0.18,33,0.634782917467344
tezos-mirror,2022-09-09,3.473574014730366,1420.1600000000005,0.3,23,0.7277961811525074
tezos-mirror,2022-10-01,4.26015027070023,878.3999999999996,0.22,37,0.6580067637466742
tezos-mirror,2022-10-08,4.000465401229096,1007.36,0.248,29,0.594384516196916
tezos-mirror,2022-10-14,3.8718470628056494,1005.76,0.208,27,0.6120769908612881
tezos-mirror,2022-10-23,4.054000779707301,961.2799999999997,0.24,32,0.6557166923577931
tezos-mirror,2022-10-18,3.9468747597329203,945.5999999999996,0.18,32,0.729970791067643
tezos-mirror,2022-10-31,4.005371990159078,1187.2000000000014,0.24,38,0.8612738576538469
tezos-mirror,2022-11-08,4.010722609957555,952.9599999999998,0.224,29,0.5872747608863699
tezos-mirror,2022-11-17,4.3722643568102715,830.0799999999994,0.22,39,0.6329389345438654
tezos-mirror,2022-11-26,4.015515732848235,980.7999999999997,0.236,31,0.650643795767291
tezos-mirror,2022-12-11,4.111518641321747,1065.2800000000009,0.272,35,0.7054605074375898
tezos-mirror,2022-12-20,3.622704611262135,1228.8000000000004,0.268,22,0.5799749660604548
tezos-mirror,2022-12-22,4.003402352062232,920.3199999999998,0.228,29,0.5923487770074843
tezos-mirror,2023-01-06,3.942302867362184,1133.7600000000014,0.276,33,0.7639114440409946
tezos-mirror,2023-01-06,3.466679365344256,1297.9200000000008,0.216,25,0.8159567968744907
tezos-mirror,2023-01-21,4.0167124063040065,1140.1600000000012,0.284,34,0.7421876450663872
tezos-mirror,2023-02-01,4.271688655631037,831.3600000000002,0.224,33,0.5355986135859253
tezos-mirror,2023-02-02,3.9971483761835027,978.2399999999998,0.228,30,0.6305852544307974
tezos-mirror,2023-02-14,4.116444921448744,1080.9600000000007,0.288,32,0.6124337115672254
tezos-mirror,2023-02-24,3.9207381313398058,964.1599999999997,0.212,30,0.6835488002101009
tezos-mirror,2023-03-01,4.075491396263744,1125.7600000000004,0.296,32,0.6408205320831988
tezos-mirror,2023-03-10,4.148455575122291,992.9599999999999,0.256,34,0.6508702390419611
tezos-mirror,2023-03-14,4.347195209542668,930.2399999999998,0.26,40,0.6756333512757375
tezos-mirror,2023-03-15,4.176671475028352,1040.320000000001,0.272,37,0.7158698556031755
tezos-mirror,2023-03-24,4.0902751080111015,878.7199999999999,0.208,30,0.5660347228297348
tezos-mirror,2023-03-28,4.116422219065287,1028.4800000000014,0.264,34,0.6730740694767463
tezos-mirror,2023-04-09,3.993786599150366,1029.1200000000008,0.264,28,0.5639225892160359
tezos-mirror,2023-04-04,4.23115927341154,840.9600000000002,0.216,32,0.5329197819344518
tezos-mirror,2023-04-23,4.149225304408343,934.3999999999996,0.248,34,0.6503367033575386
tezos-mirror,2023-04-26,4.248164382198446,769.2799999999996,0.204,31,0.4893840404091116
tezos-mirror,2023-05-01,4.119574386283618,888.6399999999995,0.196,32,0.6102645318402711
tezos-mirror,2023-05-11,4.3403996413451065,830.72,0.228,36,0.5749831645543529
tezos-mirror,2023-05-16,3.8185471796991344,1043.2000000000007,0.2,28,0.6853892987316189
tezos-mirror,2023-05-23,4.331913557808954,799.0399999999997,0.22,35,0.5526943924647366
tezos-mirror,2023-06-01,3.8746270485987098,1120.0000000000005,0.216,29,0.6816090155289767
tezos-mirror,2023-06-04,4.216024692418598,889.9199999999998,0.224,33,0.5741819327454195
tezos-mirror,2023-06-06,4.031314196399232,1009.2799999999999,0.244,30,0.6069033124767469
tezos-mirror,2023-06-13,4.197918829524861,895.0400000000001,0.236,33,0.5867319605618181
tezos-mirror,2023-06-16,4.270325895953082,814.4000000000001,0.192,37,0.6509535577922253
tezos-mirror,2023-06-24,3.9772409373194626,988.7999999999997,0.24,29,0.6104824878758955
tezos-mirror,2023-07-02,4.037971821993213,957.4400000000002,0.232,31,0.6350784208900464
tezos-mirror,2023-07-09,3.8908330452249045,1106.880000000001,0.192,31,0.7370672491580396
tezos-mirror,2023-07-12,3.9902352276068513,975.3599999999997,0.196,30,0.6353770838754951
tezos-mirror,2023-07-18,3.816496240706325,1084.480000000001,0.196,29,0.721902221123255
tezos-mirror,2023-07-25,4.025489739932846,1024.9600000000003,0.264,30,0.610940518054716
tezos-mirror,2023-08-02,4.151833047624894,999.6799999999998,0.264,33,0.6186761903496814
tezos-mirror,2023-08-14,4.343275485734979,1110.0800000000013,0.304,43,0.7506709583612352
tezos-mirror,2023-08-17,4.248548684163102,871.9999999999999,0.228,34,0.5814909827168439
tezos-mirror,2023-08-30,4.114529991134593,1058.2400000000014,0.276,35,0.7033731988051349
tezos-mirror,2023-09-07,3.8545507778427637,1328.6400000000012,0.316,33,0.8247365574796253
tezos-mirror,2023-09-15,3.764162284718846,1181.4400000000005,0.236,27,0.6867183911813798
tezos-mirror,2023-09-20,4.169193669120549,1049.6000000000013,0.28,35,0.6654832245301334
tezos-mirror,2023-09-24,4.108267394297623,1021.4399999999995,0.264,33,0.6488736001227308
tezos-mirror,2023-10-02,3.8804042729278936,1175.3600000000006,0.28,30,0.7115061004494219
tezos-mirror,2023-10-11,3.8749220805884477,1156.8000000000015,0.26,32,0.7798445877503687
tezos-mirror,2023-10-19,3.6938053446977186,1286.0800000000006,0.248,27,0.7354861057898492
tezos-mirror,2023-10-24,3.882279838138646,1209.2800000000007,0.3,30,0.7102060577116325
tezos-mirror,2023-10-21,4.000892055844032,1087.6800000000007,0.272,31,0.6607801562521735
tezos-mirror,2023-11-01,3.7126701797129207,1186.2400000000005,0.204,27,0.7224099985873337
tezos-mirror,2023-11-09,3.648629835215815,1095.3600000000004,0.232,20,0.4666947903672514
tezos-mirror,2023-11-17,3.950822409245811,1105.2800000000007,0.276,28,0.5937030963134221
tezos-mirror,2023-11-15,4.145129178894667,1070.400000000001,0.284,35,0.6821634580818152
tezos-mirror,2023-11-15,4.288999980943138,834.8799999999999,0.228,33,0.5235993172540871
tezos-mirror,2023-11-17,4.232934046269272,844.1599999999996,0.224,34,0.5923142249484158
tezos-mirror,2023-12-05,4.027792895751505,1113.9200000000017,0.284,34,0.7345072350466293
tezos-mirror,2023-12-11,4.003062483143022,1015.6799999999997,0.244,30,0.6264859078662763
tezos-mirror,2023-12-17,4.031471182276034,1056.9600000000014,0.26,35,0.7609451779861128
tezos-mirror,2024-01-02,3.9738941198922135,1235.8400000000006,0.316,30,0.646703876615123
tezos-mirror,2024-01-14,3.9362045548422926,1137.6000000000008,0.284,30,0.6728282923660059
tezos-mirror,2024-01-20,3.9367381776994175,1152.000000000001,0.276,32,0.7369969343246804
tezos-mirror,2024-01-23,4.02044027680323,995.52,0.252,29,0.5805389875106696
tezos-mirror,2024-01-23,4.03859513783259,1227.840000000001,0.308,35,0.7560072282776522
tezos-mirror,2024-01-24,3.9865487770081853,1028.4800000000007,0.252,29,0.6040307850385525
tezos-mirror,2024-02-08,4.04156244506929,975.0400000000002,0.252,28,0.5308068963184681
tezos-mirror,2024-02-11,4.034940236543841,1019.5199999999996,0.264,31,0.6371797557969043
tezos-mirror,2024-02-16,3.867930103461569,1160.3200000000004,0.28,28,0.6511596643578808
tezos-mirror,2024-02-22,3.738103911300851,1165.4400000000003,0.272,24,0.5869976435896577
tezos-mirror,2024-02-28,4.193712925831017,1004.1600000000001,0.268,34,0.6195002339985948
tezos-mirror,2024-02-26,3.9247910530620445,984.32,0.22,26,0.5376386853046278
tezos-mirror,2024-03-10,4.051213818930201,964.4800000000004,0.248,28,0.5241170737382467
tezos-mirror,2024-03-13,3.626493510404696,1377.9200000000005,0.292,26,0.7444027859655302
tezos-mirror,2024-03-17,3.868397753343066,1116.8000000000006,0.24,29,0.6859268339723018
tezos-mirror,2024-03-20,4.106711808334294,1180.1600000000012,0.304,37,0.7643622013250755
tezos-mirror,2024-03-29,4.027972114843145,1062.080000000001,0.272,32,0.6737583880221223
tezos-mirror,2024-04-03,3.8195754996992894,1080.960000000001,0.236,29,0.7197678414340687
tezos-mirror,2024-03-21,3.9992184794914087,1174.4000000000008,0.28,32,0.6936888892970275
tezos-mirror,2024-04-12,3.7236911637031644,1348.160000000001,0.312,29,0.7862297985896438
tezos-mirror,2024-04-20,3.3430427265129934,1468.8000000000004,0.252,22,0.7738218129844022
tezos-mirror,2024-04-27,3.8947383509663283,1361.9200000000003,0.332,31,0.7343602974941469
tezos-mirror,2024-05-08,3.6135869863616907,1354.8800000000006,0.284,26,0.7533489067167677
tezos-mirror,2024-05-16,3.825839217738083,1268.8000000000009,0.3,29,0.715426162935656
tezos-mirror,2024-05-22,3.8903871534944785,1144.3200000000008,0.28,30,0.7045864949308274
tezos-mirror,2021-07-13,3.869450365572521,1216.3200000000013,0.272,34,0.8442619134029203
tezos-mirror,2024-03-21,4.3083061031748855,1012.1600000000004,0.28,37,0.6246276842393498
tezos-mirror,2024-06-05,3.7066709294347007,1379.840000000001,0.304,29,0.7980273259853
tezos-mirror,2024-06-13,3.7726588088626296,1104.0000000000011,0.256,27,0.6808290494265562
tezos-mirror,2024-06-21,3.9026776550316753,1254.7200000000005,0.312,30,0.6960673684426515
tezos-mirror,2024-06-25,3.974122065168738,1236.8000000000006,0.304,33,0.7418560567937037
tezos-mirror,2024-06-27,3.6857472101994317,1343.3600000000006,0.296,27,0.74107157899791
tezos-mirror,2024-07-14,3.943011167863994,958.4,0.216,27,0.5627497920830244
tezos-mirror,2024-06-20,3.5857949605583808,1541.1200000000008,0.312,30,0.9157137146850549
tezos-mirror,2024-07-09,3.9950427504680546,1122.2400000000007,0.288,30,0.6320447629587748
tezos-mirror,2024-07-15,4.050281120651719,882.88,0.208,28,0.5247635709202892
tezos-mirror,2024-07-17,3.9247426684641353,976.6399999999996,0.236,28,0.6117801951059729
tezos-mirror,2024-07-26,3.778073808165963,1360.6400000000003,0.328,28,0.7134433020975913
tezos-mirror,2024-08-03,3.7866933675806433,1259.2000000000012,0.268,31,0.8092513731015799
tezos-mirror,2024-08-10,3.7534260842929488,1373.4400000000005,0.324,30,0.7995206738943428
tezos-mirror,2024-08-20,3.3282310698230075,1530.2400000000007,0.276,23,0.8285402336293219
tezos-mirror,2024-08-23,3.805783051546265,1108.480000000001,0.248,26,0.6201287460193642
tezos-mirror,2024-08-22,4.138648353393026,1026.240000000001,0.276,32,0.597043465316292
tezos-mirror,2024-08-09,3.6448853373512033,1125.802615933413,0.23448275862068965,20,0.46929027850471894
zcash,2010-03-29,1.2855358373580605,5838.400000000001,0.752,6,0.9006939280545474
zcash,2010-12-13,2.7938136530382516,2374.719999999999,0.412,20,1.0592082169406465
zcash,2011-05-13,3.249861511843206,1757.4400000000023,0.324,35,1.3027157173450128
zcash,2011-06-26,2.3680173506074014,3439.039999999999,0.556,19,1.3030544290758896
zcash,2011-08-03,3.1626389282300535,2024.320000000002,0.392,30,1.2090231254303696
zcash,2011-10-04,3.268997508861127,1762.5600000000015,0.332,29,1.1013994234618996
zcash,2011-12-20,2.4704924463942253,2940.7999999999984,0.5,19,1.2320241053536425
zcash,2012-03-10,2.784451904145549,1961.920000000001,0.268,19,1.0144039924031834
zcash,2012-04-19,2.959111259241189,1641.920000000001,0.248,18,0.839272131589946
zcash,2012-05-13,2.8486556970388848,1798.0800000000002,0.304,14,0.6645196648267305
zcash,2012-06-05,3.5858013554079577,1069.1200000000006,0.148,23,0.650006116380094
zcash,2012-08-03,3.207109623535258,1354.8800000000003,0.24,16,0.5495897289396494
zcash,2012-09-16,2.9802118723133213,1773.440000000001,0.316,20,0.9300068167887373
zcash,2012-11-18,3.0994258525115206,1809.6000000000013,0.336,25,1.0705175338452368
zcash,2013-01-27,3.1366852368249845,1808.0000000000018,0.352,25,1.04469129665896
zcash,2013-04-14,3.008541841151275,1632.0000000000007,0.224,20,0.9103699787633592
zcash,2013-06-04,3.8392735081959977,1041.280000000002,0.18,33,0.835325953861935
zcash,2013-08-31,3.4294593864851524,1373.7600000000014,0.284,25,0.8417557202811787
zcash,2013-10-20,2.817522538383805,2064.639999999998,0.324,23,1.1825364122843154
zcash,2013-11-30,2.596189899745825,3415.6799999999976,0.56,29,1.5677541207794485
zcash,2014-01-07,2.406288291724749,3907.1999999999985,0.612,24,1.5101418853245308
zcash,2014-02-23,3.100579376586398,2791.039999999996,0.504,40,1.5397216011307662
zcash,2014-04-13,2.8786069883749708,3561.919999999996,0.588,41,1.71827374877204
zcash,2014-05-25,3.151752594234557,2456.319999999998,0.472,31,1.249358779968973
zcash,2014-06-14,3.3445512054385467,1954.2400000000011,0.404,30,1.0829311433740618
zcash,2014-07-24,3.0071594715488263,2702.3999999999974,0.496,33,1.4121034522682767
zcash,2014-08-25,3.19817026156383,1909.1200000000013,0.38,27,1.0790341662507
zcash,2014-09-18,3.3565224007667065,1667.8400000000015,0.324,29,1.0407317914087337
zcash,2014-10-15,3.4822180526322986,1588.480000000002,0.332,31,1.020297579208128
zcash,2014-11-11,3.440015956931508,1479.3600000000008,0.292,27,0.9113995043760329
zcash,2014-12-14,3.435535422122827,2007.3600000000015,0.42,33,1.1151758699082215
zcash,2015-01-22,3.179318231545823,2297.279999999997,0.444,35,1.3516125931905945
zcash,2015-03-14,3.3945398502486186,2037.760000000002,0.416,35,1.2024323349912045
zcash,2015-05-10,3.240712989559705,2281.5999999999963,0.448,35,1.3090569897721118
zcash,2015-12-07,4.103925800763489,1016.9599999999994,0.236,42,0.8930450202569431
zcash,2016-05-30,2.4657016539900414,2322.239999999999,0.368,14,0.929963180050068
zcash,2016-07-13,2.8674390097914406,1654.7200000000005,0.224,14,0.65150006455072
zcash,2016-09-07,2.465054537636784,2632.6399999999985,0.38,18,1.181726155206729
zcash,2016-09-24,3.0640777874922343,1509.1200000000006,0.256,16,0.6487318428231843
zcash,2016-11-04,2.9908856377743303,1906.8800000000015,0.316,24,1.1049298831474352
zcash,2016-09-15,3.252263366575704,1572.160000000001,0.252,25,0.9645786418878569
zcash,2016-06-23,4.219462034965429,887.679999999999,0.164,47,0.9254393886940441
zcash,2017-06-08,2.927116161369306,1932.8000000000009,0.28,22,1.0621201389337318
zcash,2017-08-14,2.847508559898087,2443.519999999998,0.42,25,1.245133294954532
zcash,2017-10-04,3.3909154965593378,1735.3600000000013,0.312,32,1.1153323868425964
zcash,2017-11-23,3.4842248446976676,1464.9600000000023,0.248,35,1.1402674339503118
zcash,2018-06-03,3.14158657197709,1610.8800000000015,0.252,24,1.0004719554970432
zcash,2018-08-08,2.731269237420256,2055.68,0.316,15,0.8148786298342484
zcash,2018-10-14,3.578814663044336,1290.560000000001,0.26,27,0.8151915725685585
zcash,2019-02-20,3.2796673255321718,1626.880000000002,0.276,28,1.0589123503080038
zcash,2019-09-01,2.6024871073189404,2461.7599999999993,0.428,16,0.9686821213580499
zcash,2018-05-27,4.393885523996834,786.8799999999998,0.18,44,0.7385802712566991
zcash,2019-09-15,3.2906579225474637,1601.2800000000007,0.292,24,0.8971435691469253
zcash,2020-02-09,3.3665891634581087,1376.9600000000012,0.232,25,0.8853340381135496
zcash,2020-05-05,3.4023284276761565,1169.9200000000008,0.156,21,0.6862080807407439
zcash,2020-02-11,3.7250221886781865,1287.3600000000017,0.26,33,0.9145189338609594
zcash,2020-03-18,3.5440105984951535,1501.120000000001,0.28,30,0.9446764274406765
zcash,2019-02-10,4.325926192841449,802.559999999999,0.152,48,0.8726974670294227
zcash,2019-06-20,4.117647903223443,1071.3600000000017,0.244,40,0.8347434194560377
zcash,2019-05-24,4.103761309840901,1176.0000000000027,0.264,47,1.0056370201028517
zcash,2020-04-28,3.1563843114083863,1858.8800000000008,0.356,23,0.9476553297127832
zcash,2021-05-20,2.8460436503462945,2179.8399999999983,0.324,24,1.2053266983598776
zcash,2022-01-03,2.1675294746985156,3659.8399999999983,0.572,16,1.270171778071926
zcash,2022-02-03,2.764383694379505,2290.559999999999,0.412,17,0.9170885803111778
zcash,2022-03-14,2.9978401230537055,1804.1600000000005,0.32,18,0.8124273288320099
zcash,2021-10-08,3.0670367675375574,2371.519999999997,0.448,29,1.2413879418941283
zcash,2021-05-23,3.5977783886122103,1311.0400000000018,0.244,32,0.9719459564536708
zcash,2022-06-27,3.0966002552109995,1688.3200000000015,0.288,25,1.0724760886474909
zcash,2022-05-13,3.158269997332111,1602.880000000001,0.252,23,0.9463482718313319
zcash,2023-02-03,2.855843911795986,1876.160000000001,0.26,19,0.9649188235857685
zcash,2022-09-24,3.17604723927357,1468.8000000000002,0.212,19,0.7429707899387687
zcash,2023-06-07,2.6273407525920125,2252.479999999999,0.332,15,0.8869163660728118
zcash,2024-01-06,3.096996744192831,1887.0400000000016,0.36,26,1.1114219765808928
zcash,2023-10-10,1.6259463187996133,4233.241505968779,0.5909090909090909,6,0.6647393626102811
