Organizations,2026-09-29
Hetzner,62
OVH,41
Contabo,29
AWS,21
Google,19
DigitalOcean,13
Spectrum,6
LeaseWeb,6
Comcast,5
Alibaba,5
Vodafone,4
Serious,3
Digital,3
TeraSwitch,3
ReliableSite.Net,3
Meverywhere,3
Oracle,3
Vultr,3
AT&T,3
Tor,2
Webnx,2
Menasoftware,2
Tier,2
Kabel,2
crystal,2
Triple,2
IT7,2
Cloud,2
Aussie,2
GLOBALTELEHOST,2
Scaleway,2
31173,2
MEVSPACE,2
ONLINE,2
Microsoft,2
Private,2
JSC,2
The,2
V-node,1
Gtpl,1
Salland,1
BRIG,1
UTG,1
FORNEX,1
FTR3,1
NForce,1
Megasvyaz,1
Lrtc,1
Evolus,1
OCN,1
Web-hosting.com,1
Ezee,1
Armstrong,1
IROKO,1
Green,1
Unitas,1
netcup,1
Fr,1
Privado,1
Moula,1
Launtel,1
Exsilio,1
GWY,1
TDC,1
CORBINA-BROADBAND,1
Nataliia,1
TYO,1
Biznes-Host.pl,1
Worldstream,1
Sacwk,1
FranTech,1
HIVELOCITY,1
Slovak,1
Casablanca,1
Powervps,1
Star,1
Xtra,1
Etihad,1
FOREVER,1
velia.net,1
UA-Hosting,1
Johannes,1
Customer,1
Brightspeed,1
Hong,1
Informacines,1
WorldStream,1
KAGOYA,1
UAB,1
Digitalocean,1
Geir,1
DELTA,1
DBC,1
IONOS,1
KPN,1
Atlantic,1
Wideband,1
Crowncloud,1
TT,1
RoyaleHosting,1
Frontier,1
SistemDC,1
Orange,1
Deutsche,1
TELEKOM,1
Pirix,1
Alibaba.com,1
De,1
Nekobyte,1
Zenlayer,1
YouFibre,1
Verizon,1
Aruba,1
WholeSale,1
IP-Connect,1
SpaceX,1
Liberty,1
Dataekb,1
3NT,1
Exetel,1
General,1
TPG,1
Hurricane,1
RouterHosting,1
OJSC,1
AM,1
Telia,1
RCS,1
Ziply,1
Etlgr,1
Mynymbox,1
Free,1
