Countries,2026-09-29
United States,1019
Unknown,649
Germany,527
France,304
Canada,173
United Kingdom,167
Japan,133
Finland,105
Singapore,88
The Netherlands,84
Australia,64
Switzerland,55
India,36
Ireland,36
Netherlands,34
Austria,28
Italy,26
South Korea,25
Sweden,25
Belgium,24
Hong Kong,17
South Africa,16
Vietnam,15
Poland,14
Czechia,13
Romania,12
Spain,11
Norway,10
China,9
Brazil,9
Slovenia,8
Taiwan,8
Chile,8
Estonia,7
New Zealand,7
Indonesia,6
Greece,6
Argentina,5
United Arab Emirates,5
Hungary,4
Lithuania,4
Malaysia,4
Denmark,4
Ukraine,4
Iran,4
Bulgaria,4
Thailand,3
Peru,3
Latvia,3
Cyprus,3
Mexico,3
Jersey,2
Russia,2
Philippines,2
Israel,2
Portugal,2
New Caledonia,1
Serbia,1
Kazakhstan,1
Türkiye,1
Seychelles,1
Croatia,1
Albania,1
Luxembourg,1
Liechtenstein,1
