Countries,2026-10-09
United States,2677
Germany,1456
Finland,673
France,556
Canada,358
United Kingdom,357
Japan,324
Singapore,268
The Netherlands,223
Australia,182
Switzerland,126
South Korea,118
Poland,107
Moldova,107
Austria,106
Ireland,105
Russia,92
Spain,87
Hong Kong,79
Sweden,55
Belgium,55
Czechia,49
India,48
China,44
Luxembourg,41
Portugal,39
Lithuania,38
Netherlands,38
South Africa,36
Norway,26
Taiwan,24
Italy,23
Slovenia,23
New Zealand,22
Denmark,21
Bulgaria,19
Vietnam,17
Argentina,16
Romania,14
Israel,13
Thailand,13
Malta,12
Malaysia,12
Turkey,11
Estonia,10
Latvia,9
Hungary,8
Ukraine,8
Brazil,8
United Arab Emirates,7
Slovakia,7
Croatia,6
Türkiye,6
Greece,6
Serbia,6
Mexico,5
Indonesia,5
Chile,5
Puerto Rico,4
Belarus,3
Kazakhstan,3
Guadeloupe,3
Liechtenstein,3
Colombia,2
Ecuador,2
Iceland,2
Uzbekistan,2
Georgia,2
Saudi Arabia,2
Cyprus,2
Gibraltar,1
Mauritius,1
Jersey,1
Costa Rica,1
Bosnia and Herzegovina,1
North Macedonia,1
Monaco,1
Albania,1
Uruguay,1
Peru,1
Kyrgyzstan,1
Kuwait,1
Belize,1
Jordan,1
Isle of Man,1
Dominican Republic,1
