Countries,2026-10-01
United States,2841
Germany,1529
The Netherlands,1100
Hong Kong,524
Finland,494
France,368
Poland,327
United Kingdom,315
Japan,285
Singapore,275
Lithuania,270
Canada,264
Turkey,184
Serbia,159
South Korea,118
Ireland,105
Australia,96
Russia,91
Switzerland,85
Taiwan,82
Austria,62
Netherlands,49
Moldova,47
Spain,42
Sweden,38
Belgium,38
India,32
China,31
Portugal,27
Czechia,24
Norway,21
Romania,20
Thailand,17
Ukraine,17
Luxembourg,14
Denmark,14
Italy,12
Hungary,11
Bulgaria,10
South Africa,10
Argentina,9
Vietnam,9
Israel,8
Estonia,7
Slovenia,7
Latvia,6
New Zealand,5
Cyprus,5
United Arab Emirates,5
Malaysia,5
Croatia,4
Slovakia,4
Türkiye,4
Greece,4
Mexico,3
Malta,3
Puerto Rico,3
Indonesia,3
Brazil,3
Uzbekistan,3
Chile,2
Qatar,2
Ecuador,2
Guadeloupe,2
Belarus,2
Isle of Man,2
Colombia,2
Jersey,2
Kazakhstan,1
Saudi Arabia,1
Liechtenstein,1
Cambodia,1
Jordan,1
Belize,1
Iran,1
Kuwait,1
Peru,1
Gibraltar,1
Albania,1
Kyrgyzstan,1
Philippines,1
Bosnia and Herzegovina,1
North Macedonia,1
Iceland,1
Costa Rica,1
Georgia,1
Ethiopia,1
